Time,Day,Temp,Humidity,Light_Intensity,Occupancy,Energy
07:00,Sunday,21.2,63.2,295,0,3.79
07:20,Sunday,22.0,61.5,245,0,3.61
07:40,Sunday,21.2,63.7,326,0,3.55
08:00,Sunday,22.8,59.2,275,0,3.98
08:20,Sunday,22.4,59.2,323,0,4.03
08:40,Sunday,22.9,61.9,366,0,4.54
09:00,Sunday,24.4,59.2,506,0,4.65
09:20,Sunday,24.0,58.8,548,0,5.07
09:40,Sunday,24.3,54.9,667,0,5.78
10:00,Sunday,24.6,58.8,521,1,7.79
10:20,Sunday,24.2,56.4,898,0,6.08
10:40,Sunday,24.6,54.6,511,0,6.11
11:00,Sunday,25.1,58.9,854,1,7.71
11:20,Sunday,24.9,57.1,587,0,6.04
11:40,Sunday,25.2,56.6,353,0,6.31
12:00,Sunday,23.9,54.3,364,1,7.7
12:20,Sunday,25.3,57.1,789,1,9.11
12:40,Sunday,25.5,56.0,1005,0,6.52
13:00,Sunday,25.0,55.6,955,0,6.19
13:20,Sunday,25.5,56.2,611,0,5.44
13:40,Sunday,25.6,55.4,834,1,8.56
14:00,Sunday,25.0,56.4,1010,0,6.37
14:20,Sunday,25.1,58.2,705,1,8.44
14:40,Sunday,25.3,55.5,778,1,7.33
15:00,Sunday,24.2,55.2,357,0,5.07
15:20,Sunday,24.4,58.7,543,0,5.19
15:40,Sunday,24.6,56.8,529,1,8.89
16:00,Sunday,23.2,58.0,503,1,6.82
16:20,Sunday,22.9,61.6,350,1,6.66
16:40,Sunday,22.6,57.1,375,0,4.98
17:00,Sunday,21.4,62.7,210,1,6.01
17:20,Sunday,22.7,58.2,194,1,6.65
17:40,Sunday,22.9,61.5,364,0,3.61
18:00,Sunday,20.8,65.7,2,0,3.64
18:20,Sunday,21.2,65.6,5,0,4.17
18:40,Sunday,20.6,66.5,5,0,4.34
19:00,Sunday,19.8,65.2,7,0,3.93
19:20,Sunday,18.1,68.4,4,0,3.98
19:40,Sunday,19.7,69.0,7,0,3.79
20:00,Sunday,18.6,72.7,6,0,4.0
20:20,Sunday,18.1,70.4,6,0,4.17
20:40,Sunday,17.6,72.0,6,0,4.81
21:00,Sunday,17.2,71.7,4,0,3.21
21:20,Sunday,18.0,69.1,5,0,4.29
21:40,Sunday,18.1,69.2,5,0,4.25
22:00,Sunday,16.9,72.4,6,0,3.55
22:20,Sunday,16.6,72.9,7,0,4.03
22:40,Sunday,15.9,69.5,6,0,4.82
23:00,Sunday,15.4,72.4,4,0,4.39
23:20,Sunday,16.3,71.4,8,0,4.08
23:40,Sunday,16.2,73.6,4,0,3.68
00:00,Monday,16.4,73.5,4,0,5.67
00:20,Monday,16.9,74.3,4,0,5.6
00:40,Monday,16.8,72.8,8,0,6.21
01:00,Monday,17.0,72.4,6,0,5.32
01:20,Monday,16.6,75.2,7,0,6.2
01:40,Monday,17.1,70.8,5,0,5.35
02:00,Monday,16.3,70.4,5,0,6.63
02:20,Monday,16.9,72.6,5,0,6.08
02:40,Monday,17.0,73.7,5,0,5.72
03:00,Monday,17.8,70.5,8,0,5.97
03:20,Monday,17.5,70.6,5,0,6.14
03:40,Monday,18.3,69.7,3,0,5.75
04:00,Monday,18.7,67.3,6,0,4.92
04:20,Monday,18.4,68.8,7,0,6.95
04:40,Monday,19.1,68.6,6,0,5.61
05:00,Monday,20.0,67.4,10,0,5.12
05:20,Monday,18.5,67.0,3,0,6.56
05:40,Monday,20.4,65.3,6,0,5.38
06:00,Monday,21.2,61.5,0,0,5.84
06:20,Monday,21.4,65.6,56,0,5.46
06:40,Monday,21.9,62.6,0,0,5.87
07:00,Monday,22.9,59.4,312,0,6.46
07:20,Monday,23.3,62.7,353,1,9.05
07:40,Monday,22.7,61.2,330,1,8.92
08:00,Monday,24.9,59.5,458,0,8.32
08:20,Monday,24.0,55.3,580,0,7.55
08:40,Monday,24.5,58.9,560,0,8.05
09:00,Monday,25.4,59.0,799,1,11.95
09:20,Monday,25.5,58.6,564,1,11.87
09:40,Monday,24.8,52.8,394,1,10.75
10:00,Monday,25.9,58.9,542,1,11.81
10:20,Monday,25.4,52.5,806,1,12.15
10:40,Monday,25.1,52.5,787,1,11.95
11:00,Monday,26.6,53.6,588,0,9.53
11:20,Monday,27.2,53.5,223,0,10.32
11:40,Monday,26.4,53.3,850,1,13.7
12:00,Monday,26.6,48.9,853,0,8.99
12:20,Monday,26.9,53.6,716,1,12.37
12:40,Monday,26.1,55.4,843,1,11.45
13:00,Monday,26.4,52.1,852,1,12.44
13:20,Monday,26.9,54.0,789,1,12.87
13:40,Monday,27.0,51.7,683,1,12.67
14:00,Monday,26.4,54.1,881,0,8.07
14:20,Monday,25.9,52.7,482,1,13.14
14:40,Monday,25.7,54.2,845,1,12.4
15:00,Monday,25.6,54.5,868,0,7.98
15:20,Monday,24.1,55.1,427,1,11.62
15:40,Monday,26.1,54.6,612,0,8.94
16:00,Monday,23.2,55.0,90,1,9.79
16:20,Monday,23.9,55.1,333,1,11.76
16:40,Monday,24.7,52.7,225,1,11.06
17:00,Monday,23.0,59.5,300,0,6.51
17:20,Monday,22.6,54.9,271,1,8.05
17:40,Monday,23.0,57.9,161,0,5.26
18:00,Monday,22.1,59.2,5,0,5.87
18:20,Monday,21.7,57.0,6,1,9.64
18:40,Monday,21.5,63.0,2,0,4.9
19:00,Monday,20.8,63.5,5,0,5.06
19:20,Monday,20.8,64.7,8,1,9.45
19:40,Monday,20.5,63.4,8,1,9.79
20:00,Monday,20.4,65.6,5,0,5.03
20:20,Monday,20.4,65.6,3,0,4.56
20:40,Monday,18.8,63.2,6,0,6.66
21:00,Monday,18.9,67.3,2,0,4.89
21:20,Monday,18.6,66.7,6,0,6.13
21:40,Monday,19.0,65.9,5,0,5.71
22:00,Monday,18.1,70.1,3,0,5.15
22:20,Monday,17.8,72.0,5,0,4.74
22:40,Monday,16.9,67.9,3,0,6.09
23:00,Monday,18.1,67.9,7,0,5.77
23:20,Monday,18.2,71.6,1,0,5.17
23:40,Monday,17.2,72.6,5,0,5.54
00:00,Tuesday,16.4,67.9,4,0,5.49
00:20,Tuesday,16.5,68.3,4,0,5.95
00:40,Tuesday,17.5,72.2,4,0,5.74
01:00,Tuesday,16.4,68.7,7,0,5.84
01:20,Tuesday,16.8,67.3,6,0,5.85
01:40,Tuesday,17.1,66.0,9,0,5.34
02:00,Tuesday,16.9,72.3,6,0,6.42
02:20,Tuesday,17.8,64.8,4,0,6.64
02:40,Tuesday,17.2,67.9,4,0,6.36
03:00,Tuesday,18.2,64.5,7,0,5.49
03:20,Tuesday,18.1,71.4,5,0,5.3
03:40,Tuesday,19.0,69.6,6,0,5.46
04:00,Tuesday,19.5,62.8,8,0,5.32
04:20,Tuesday,19.4,62.3,5,0,5.63
04:40,Tuesday,19.4,63.8,2,0,5.72
05:00,Tuesday,20.7,57.5,6,0,5.17
05:20,Tuesday,20.2,63.4,4,0,6.11
05:40,Tuesday,20.3,58.3,1,0,5.31
06:00,Tuesday,21.6,57.5,0,0,4.95
06:20,Tuesday,21.6,57.7,0,0,4.87
06:40,Tuesday,20.8,60.4,110,0,6.04
07:00,Tuesday,23.9,56.6,141,0,7.65
07:20,Tuesday,23.1,52.6,202,1,9.73
07:40,Tuesday,23.2,54.5,303,0,7.34
08:00,Tuesday,24.6,54.0,472,0,7.15
08:20,Tuesday,25.4,52.4,371,0,8.32
08:40,Tuesday,23.5,53.6,399,1,9.98
09:00,Tuesday,24.7,49.2,460,1,11.55
09:20,Tuesday,24.6,50.1,655,1,11.71
09:40,Tuesday,25.9,49.1,373,0,8.43
10:00,Tuesday,26.4,49.8,817,1,11.73
10:20,Tuesday,25.6,49.5,765,1,12.43
10:40,Tuesday,26.7,44.1,450,1,12.64
11:00,Tuesday,26.2,49.4,686,1,13.5
11:20,Tuesday,27.2,44.4,440,1,13.74
11:40,Tuesday,27.0,49.2,790,0,10.42
12:00,Tuesday,26.0,43.1,738,1,11.72
12:20,Tuesday,26.7,46.2,812,1,13.24
12:40,Tuesday,27.1,46.9,732,0,10.45
13:00,Tuesday,26.6,51.2,782,1,12.7
13:20,Tuesday,26.9,48.3,780,0,10.04
13:40,Tuesday,26.8,49.5,497,1,13.04
14:00,Tuesday,26.4,48.5,349,1,12.26
14:20,Tuesday,25.9,49.9,711,0,9.59
14:40,Tuesday,25.9,49.6,269,1,12.55
15:00,Tuesday,24.5,50.5,381,1,12.17
15:20,Tuesday,24.7,52.3,432,1,12.07
15:40,Tuesday,25.1,49.2,344,0,8.08
16:00,Tuesday,24.2,53.5,400,1,10.64
16:20,Tuesday,24.4,54.6,504,1,10.82
16:40,Tuesday,24.0,49.9,458,0,8.23
17:00,Tuesday,23.3,57.2,193,1,9.99
17:20,Tuesday,23.6,56.4,212,0,6.35
17:40,Tuesday,23.5,54.7,240,1,10.56
18:00,Tuesday,21.0,57.8,4,0,5.66
18:20,Tuesday,20.8,55.1,7,1,9.96
18:40,Tuesday,21.1,55.5,4,0,5.65
19:00,Tuesday,19.9,57.3,3,0,5.4
19:20,Tuesday,20.4,57.4,3,1,9.65
19:40,Tuesday,20.4,54.3,4,0,5.67
20:00,Tuesday,19.3,61.4,5,0,5.72
20:20,Tuesday,19.7,61.3,6,0,5.3
20:40,Tuesday,18.0,61.5,3,0,5.36
21:00,Tuesday,18.4,63.6,5,0,5.81
21:20,Tuesday,17.7,63.9,3,0,6.81
21:40,Tuesday,18.3,66.8,5,0,6.06
22:00,Tuesday,16.7,65.7,3,0,5.91
22:20,Tuesday,17.0,66.9,6,0,6.42
22:40,Tuesday,17.0,65.0,3,0,5.8
23:00,Tuesday,17.2,69.9,7,0,5.53
23:20,Tuesday,17.1,67.0,5,0,5.41
23:40,Tuesday,17.0,64.9,10,0,6.49
00:00,Wednesday,17.1,66.2,5,0,5.72
00:20,Wednesday,16.0,65.8,4,0,6.77
00:40,Wednesday,16.7,64.8,1,0,6.27
01:00,Wednesday,17.1,66.2,5,0,6.2
01:20,Wednesday,17.1,64.5,7,0,5.54
01:40,Wednesday,16.9,67.9,7,0,5.96
02:00,Wednesday,17.0,66.1,9,0,5.84
02:20,Wednesday,16.6,67.5,6,0,5.41
02:40,Wednesday,16.6,64.1,6,0,6.22
03:00,Wednesday,17.5,61.8,4,0,6.43
03:20,Wednesday,17.6,61.9,5,0,5.96
03:40,Wednesday,17.1,63.7,1,0,6.07
04:00,Wednesday,17.8,58.9,5,0,7.21
04:20,Wednesday,17.8,60.5,3,0,6.33
04:40,Wednesday,18.1,61.5,5,0,6.2
05:00,Wednesday,20.2,57.3,3,0,5.8
05:20,Wednesday,20.4,56.7,6,0,5.1
05:40,Wednesday,19.8,56.7,5,0,6.51
06:00,Wednesday,20.4,55.6,0,0,6.12
06:20,Wednesday,21.1,55.3,0,0,5.8
06:40,Wednesday,20.9,54.0,0,0,5.78
07:00,Wednesday,22.3,51.6,216,1,9.16
07:20,Wednesday,22.4,50.7,141,0,6.79
07:40,Wednesday,22.5,52.3,218,0,6.61
08:00,Wednesday,23.7,49.7,339,0,7.99
08:20,Wednesday,22.0,49.1,414,0,5.93
08:40,Wednesday,22.5,50.8,475,0,6.4
09:00,Wednesday,23.6,49.6,589,1,10.77
09:20,Wednesday,24.2,51.2,560,1,11.8
09:40,Wednesday,24.0,50.4,648,1,11.98
10:00,Wednesday,25.0,42.8,766,1,12.12
10:20,Wednesday,25.9,46.8,819,1,11.73
10:40,Wednesday,24.7,51.3,797,1,11.47
11:00,Wednesday,25.3,46.5,559,0,8.65
11:20,Wednesday,25.2,47.0,673,1,11.82
11:40,Wednesday,24.4,45.6,1018,1,12.19
12:00,Wednesday,25.2,48.2,818,0,8.69
12:20,Wednesday,26.0,48.7,647,1,12.6
12:40,Wednesday,25.7,42.8,836,1,12.35
13:00,Wednesday,24.2,47.6,574,1,11.49
13:20,Wednesday,25.7,43.1,609,1,12.02
13:40,Wednesday,24.4,48.0,855,1,12.01
14:00,Wednesday,24.0,47.4,835,0,7.05
14:20,Wednesday,24.7,44.2,769,1,12.36
14:40,Wednesday,24.4,43.7,945,1,12.15
15:00,Wednesday,23.5,49.6,449,1,10.4
15:20,Wednesday,24.0,46.9,330,1,11.16
15:40,Wednesday,24.1,45.8,714,1,11.38
16:00,Wednesday,22.7,52.5,616,0,7.11
16:20,Wednesday,23.2,51.4,385,1,10.48
16:40,Wednesday,23.0,50.6,153,0,6.89
17:00,Wednesday,21.2,53.0,94,1,9.14
17:20,Wednesday,20.7,53.0,367,1,9.77
17:40,Wednesday,21.3,47.9,197,1,10.08
18:00,Wednesday,20.4,54.6,3,0,5.78
18:20,Wednesday,20.0,56.9,6,0,6.88
18:40,Wednesday,20.1,52.6,7,1,9.58
19:00,Wednesday,19.1,53.5,3,0,6.42
19:20,Wednesday,18.3,58.3,4,0,7.49
19:40,Wednesday,18.5,58.7,4,0,6.13
20:00,Wednesday,18.0,60.3,4,0,7.65
20:20,Wednesday,17.3,62.2,6,0,5.9
20:40,Wednesday,17.1,61.0,8,0,6.21
21:00,Wednesday,15.7,62.6,4,0,6.95
21:20,Wednesday,15.7,60.3,7,0,6.9
21:40,Wednesday,16.1,65.4,4,0,6.17
22:00,Wednesday,15.4,62.8,6,0,7.98
22:20,Wednesday,15.0,66.3,9,0,6.89
22:40,Wednesday,14.8,63.7,8,0,7.74
23:00,Wednesday,14.7,63.8,5,0,7.49
23:20,Wednesday,15.3,66.3,6,0,6.85
23:40,Wednesday,14.2,65.9,4,0,7.5
00:00,Thursday,14.2,63.4,8,0,7.03
00:20,Thursday,14.0,66.4,5,0,7.58
00:40,Thursday,14.2,65.5,9,0,7.36
01:00,Thursday,14.5,63.9,8,0,7.16
01:20,Thursday,15.0,68.5,6,0,6.83
01:40,Thursday,14.3,64.8,9,0,7.94
02:00,Thursday,14.9,64.2,9,0,7.74
02:20,Thursday,15.8,64.0,6,0,6.1
02:40,Thursday,15.2,63.1,5,0,7.15
03:00,Thursday,15.8,62.2,6,0,7.01
03:20,Thursday,15.6,63.7,3,0,7.27
03:40,Thursday,16.5,60.9,7,0,7.31
04:00,Thursday,16.9,57.8,3,0,7.03
04:20,Thursday,17.4,61.4,6,0,6.48
04:40,Thursday,16.9,63.8,4,0,6.43
05:00,Thursday,17.6,57.4,2,0,6.93
05:20,Thursday,18.2,57.8,2,0,6.3
05:40,Thursday,17.7,59.4,2,0,6.05
06:00,Thursday,18.6,56.1,126,0,7.69
06:20,Thursday,19.1,53.2,96,0,6.65
06:40,Thursday,20.2,54.3,0,0,5.43
07:00,Thursday,20.1,53.5,442,1,10.38
07:20,Thursday,21.0,54.6,138,1,10.41
07:40,Thursday,20.4,54.2,208,0,6.52
08:00,Thursday,21.5,49.1,462,1,10.12
08:20,Thursday,21.2,51.3,384,0,7.13
08:40,Thursday,21.6,53.3,372,1,10.46
09:00,Thursday,23.6,47.9,530,1,12.51
09:20,Thursday,23.3,46.7,352,1,10.4
09:40,Thursday,23.4,49.9,347,0,7.26
10:00,Thursday,22.8,46.5,438,1,11.52
10:20,Thursday,22.8,44.5,869,1,11.62
10:40,Thursday,22.6,47.6,617,1,10.46
11:00,Thursday,23.7,47.7,802,1,11.68
11:20,Thursday,23.0,46.2,583,1,11.42
11:40,Thursday,24.5,46.4,989,1,12.27
12:00,Thursday,23.6,41.0,728,1,12.54
12:20,Thursday,23.7,48.0,918,1,11.45
12:40,Thursday,23.7,43.6,699,0,7.31
13:00,Thursday,24.2,47.3,891,1,11.96
13:20,Thursday,22.8,46.4,450,1,10.9
13:40,Thursday,24.6,47.7,228,1,12.33
14:00,Thursday,23.2,47.7,907,1,11.57
14:20,Thursday,22.6,47.3,800,1,10.73
14:40,Thursday,23.2,45.0,677,1,11.7
15:00,Thursday,21.6,50.1,448,1,9.53
15:20,Thursday,21.8,53.7,401,1,10.46
15:40,Thursday,21.4,48.5,528,1,10.06
16:00,Thursday,22.0,49.2,425,1,9.47
16:20,Thursday,21.8,51.8,226,0,6.45
16:40,Thursday,21.1,50.7,654,0,8.02
17:00,Thursday,19.3,51.7,304,1,10.67
17:20,Thursday,19.5,50.4,200,1,10.17
17:40,Thursday,19.9,54.0,357,1,10.58
18:00,Thursday,18.8,59.3,4,1,11.3
18:20,Thursday,18.8,58.6,1,1,10.57
18:40,Thursday,18.4,58.7,7,0,7.27
19:00,Thursday,17.3,57.2,6,1,11.05
19:20,Thursday,17.3,63.0,8,1,11.72
19:40,Thursday,17.2,58.3,6,0,8.23
20:00,Thursday,15.9,60.9,3,0,7.05
20:20,Thursday,16.1,61.9,4,0,7.65
20:40,Thursday,15.6,58.6,9,0,8.47
21:00,Thursday,15.2,64.5,4,0,7.73
21:20,Thursday,14.1,64.2,9,0,8.0
21:40,Thursday,15.2,64.8,10,0,7.51
22:00,Thursday,13.9,62.2,4,0,8.44
22:20,Thursday,14.9,63.7,3,0,7.22
22:40,Thursday,13.8,67.0,6,0,8.48
23:00,Thursday,13.2,67.3,6,0,8.47
23:20,Thursday,13.5,67.0,11,0,8.41
23:40,Thursday,13.3,64.2,3,0,8.04
00:00,Friday,13.1,68.2,6,0,8.09
00:20,Friday,14.5,64.7,8,0,7.33
00:40,Friday,13.6,67.1,2,0,7.96
01:00,Friday,14.5,62.6,6,0,6.77
01:20,Friday,14.1,65.5,6,0,7.73
01:40,Friday,14.2,61.9,7,0,7.8
02:00,Friday,14.9,67.3,8,0,7.94
02:20,Friday,13.7,66.7,3,0,9.21
02:40,Friday,14.0,63.2,4,0,7.85
03:00,Friday,14.5,61.1,5,0,7.35
03:20,Friday,15.0,67.3,6,0,7.42
03:40,Friday,15.3,65.8,4,0,7.28
04:00,Friday,14.9,65.3,8,0,7.78
04:20,Friday,15.8,64.2,7,0,7.93
04:40,Friday,16.1,66.4,6,0,7.6
05:00,Friday,17.0,59.1,5,0,7.04
05:20,Friday,16.7,59.0,6,0,7.74
05:40,Friday,16.2,58.7,5,0,8.01
06:00,Friday,18.8,57.2,63,0,7.44
06:20,Friday,17.9,53.5,129,0,8.11
06:40,Friday,18.1,57.6,17,0,6.96
07:00,Friday,19.5,54.4,38,0,7.4
07:20,Friday,19.4,56.5,113,0,7.02
07:40,Friday,19.3,60.2,202,0,7.46
08:00,Friday,20.4,55.9,414,0,7.98
08:20,Friday,20.3,56.5,495,1,11.42
08:40,Friday,20.0,54.7,430,1,11.34
09:00,Friday,21.0,50.8,686,1,11.11
09:20,Friday,21.6,52.2,534,1,10.65
09:40,Friday,21.3,47.3,552,0,7.2
10:00,Friday,22.3,52.5,943,1,12.11
10:20,Friday,22.2,51.7,812,1,10.54
10:40,Friday,23.2,49.4,640,0,7.45
11:00,Friday,22.7,49.7,1013,1,11.34
11:20,Friday,22.7,47.9,752,1,10.88
11:40,Friday,23.1,48.7,460,1,11.38
12:00,Friday,23.2,51.6,1079,1,11.47
12:20,Friday,24.3,46.8,784,1,12.84
12:40,Friday,23.6,53.5,701,1,11.98
13:00,Friday,23.7,49.3,1008,1,11.7
13:20,Friday,22.4,52.4,779,0,8.58
13:40,Friday,22.2,49.6,883,1,11.22
14:00,Friday,22.1,51.3,587,0,7.88
14:20,Friday,21.9,50.8,761,1,10.9
14:40,Friday,23.0,53.8,945,0,7.23
15:00,Friday,21.2,52.5,573,1,10.59
15:20,Friday,22.0,49.8,327,1,11.05
15:40,Friday,22.3,53.2,518,1,9.78
16:00,Friday,20.6,56.9,327,0,6.7
16:20,Friday,20.2,55.7,535,1,9.61
16:40,Friday,21.4,56.5,355,1,10.33
17:00,Friday,19.0,57.5,221,1,10.63
17:20,Friday,18.9,59.0,261,1,10.23
17:40,Friday,19.9,58.2,173,1,10.91
18:00,Friday,18.1,59.8,8,1,10.86
18:20,Friday,18.3,62.9,7,1,11.16
18:40,Friday,18.0,59.7,5,1,11.19
19:00,Friday,16.8,62.8,4,1,11.31
19:20,Friday,17.3,66.3,1,1,11.31
19:40,Friday,17.2,65.3,9,1,11.36
20:00,Friday,15.5,68.5,3,0,8.38
20:20,Friday,15.3,63.8,6,0,8.32
20:40,Friday,15.6,67.9,7,0,8.26
21:00,Friday,15.2,70.1,2,0,7.32
21:20,Friday,14.8,66.7,3,0,7.63
21:40,Friday,14.6,71.5,3,0,8.97
22:00,Friday,13.8,69.9,9,0,9.28
22:20,Friday,13.1,72.2,4,0,8.19
22:40,Friday,13.6,72.3,5,0,8.15
23:00,Friday,13.6,69.8,6,0,7.52
23:20,Friday,14.2,73.9,5,0,7.98
23:40,Friday,12.7,73.2,8,0,8.24
00:00,Saturday,12.8,73.0,3,0,5.69
00:20,Saturday,13.5,70.1,3,0,5.81
00:40,Saturday,13.4,72.4,2,0,5.99
01:00,Saturday,12.7,74.2,3,0,5.72
01:20,Saturday,14.1,72.8,6,0,5.18
01:40,Saturday,14.0,75.0,7,0,4.76
02:00,Saturday,13.4,69.5,4,0,6.12
02:20,Saturday,13.3,72.3,1,0,6.7
02:40,Saturday,14.7,71.2,4,0,5.02
03:00,Saturday,14.5,67.8,8,0,5.02
03:20,Saturday,15.5,69.7,5,0,5.29
03:40,Saturday,14.6,67.6,3,0,4.99
04:00,Saturday,15.7,66.3,3,0,5.37
04:20,Saturday,16.4,66.6,5,0,4.09
04:40,Saturday,16.6,67.7,7,0,5.58
05:00,Saturday,17.7,64.2,4,0,4.95
05:20,Saturday,17.3,66.7,3,0,5.46
05:40,Saturday,17.2,67.3,6,0,5.61
06:00,Saturday,17.8,64.8,116,0,6.06
06:20,Saturday,19.2,62.4,102,0,4.69
06:40,Saturday,18.5,65.2,0,0,6.33
07:00,Saturday,19.1,59.3,310,0,5.62
07:20,Saturday,19.7,61.2,140,0,5.09
07:40,Saturday,20.2,54.3,236,0,4.72
08:00,Saturday,20.9,56.0,665,0,4.72
08:20,Saturday,20.5,55.3,395,0,6.78
08:40,Saturday,21.3,58.2,440,0,5.34
09:00,Saturday,21.0,60.3,721,0,6.24
09:20,Saturday,22.4,56.6,521,0,4.57
09:40,Saturday,22.1,55.8,492,0,5.65
10:00,Saturday,22.6,57.3,914,0,5.24
10:20,Saturday,22.8,55.1,824,0,5.9
10:40,Saturday,22.2,57.3,820,0,4.54
11:00,Saturday,23.2,52.4,913,0,4.83
11:20,Saturday,24.4,53.8,518,0,7.11
11:40,Saturday,22.5,52.6,1024,1,8.05
12:00,Saturday,24.2,54.2,866,1,9.09
12:20,Saturday,23.5,54.1,676,0,6.24
12:40,Saturday,23.3,56.5,898,0,5.61
13:00,Saturday,23.0,53.3,602,0,5.68
13:20,Saturday,22.8,52.4,986,0,5.16
13:40,Saturday,24.0,52.9,295,0,5.0
14:00,Saturday,23.3,58.9,866,0,6.26
14:20,Saturday,22.8,56.3,856,0,4.72
14:40,Saturday,22.7,57.5,571,0,4.74
15:00,Saturday,21.6,56.7,763,1,7.48
15:20,Saturday,23.2,57.3,382,0,5.75
15:40,Saturday,22.2,60.1,500,1,7.74
16:00,Saturday,21.2,58.1,567,0,4.53
16:20,Saturday,21.2,59.8,616,0,5.51
16:40,Saturday,21.4,58.0,502,0,4.22
17:00,Saturday,19.9,58.8,165,0,4.65
17:20,Saturday,20.1,61.0,176,0,5.06
17:40,Saturday,21.1,64.2,154,0,4.62
18:00,Saturday,19.4,64.7,7,0,4.73
18:20,Saturday,19.0,65.7,5,1,7.72
18:40,Saturday,18.6,64.8,9,0,5.51
19:00,Saturday,17.9,67.3,4,0,5.49
19:20,Saturday,17.7,68.9,5,0,4.79
19:40,Saturday,17.3,66.3,4,0,4.9
20:00,Saturday,17.1,71.3,6,0,5.1
20:20,Saturday,16.5,66.7,3,0,5.63
20:40,Saturday,17.1,70.7,4,0,3.98
21:00,Saturday,15.4,71.5,3,0,5.46
21:20,Saturday,14.9,70.9,7,0,5.54
21:40,Saturday,15.6,71.9,2,0,5.07
22:00,Saturday,15.4,72.3,6,0,5.17
22:20,Saturday,15.1,74.2,6,0,4.93
22:40,Saturday,15.6,72.9,5,0,4.55
23:00,Saturday,14.9,76.5,5,0,5.09
23:20,Saturday,15.3,73.8,0,0,5.0
23:40,Saturday,14.7,76.5,3,0,5.59
00:00,Sunday,15.2,72.3,4,0,4.45
00:20,Sunday,15.2,72.9,4,0,5.22
00:40,Sunday,14.4,77.1,6,0,5.79
01:00,Sunday,15.1,74.4,3,0,4.65
01:20,Sunday,15.2,78.1,3,0,5.28
01:40,Sunday,14.8,73.3,6,0,5.02
02:00,Sunday,15.4,74.9,7,0,5.18
02:20,Sunday,15.6,73.1,5,0,4.84
02:40,Sunday,15.4,74.9,2,0,5.31
03:00,Sunday,16.3,69.2,4,0,5.66
03:20,Sunday,15.8,71.0,5,0,5.02
03:40,Sunday,16.2,73.7,4,0,4.8
04:00,Sunday,17.0,67.2,5,0,5.72
04:20,Sunday,17.2,70.7,9,0,4.49
04:40,Sunday,17.8,69.0,7,0,5.09
05:00,Sunday,18.7,65.8,4,0,4.56
05:20,Sunday,19.3,70.8,1,0,4.71
05:40,Sunday,18.7,67.0,2,0,5.56
06:00,Sunday,20.1,65.9,0,0,4.09
06:20,Sunday,19.5,63.8,73,0,4.86
06:40,Sunday,20.1,63.6,0,0,4.86
07:00,Sunday,21.1,64.4,144,0,4.48
07:20,Sunday,20.9,60.4,126,0,4.48
07:40,Sunday,21.8,61.2,72,0,4.81
08:00,Sunday,22.6,61.2,337,0,4.73
08:20,Sunday,22.2,60.4,671,0,4.72
08:40,Sunday,22.6,62.3,238,0,4.18
09:00,Sunday,23.9,53.6,739,0,5.78
09:20,Sunday,23.3,58.7,329,0,5.88
09:40,Sunday,24.1,60.0,642,0,5.95
10:00,Sunday,25.1,54.8,897,0,7.08
10:20,Sunday,24.4,56.1,639,0,5.44
10:40,Sunday,24.7,54.4,738,0,6.54
11:00,Sunday,26.0,57.6,1004,0,6.73
11:20,Sunday,24.9,57.2,856,0,6.59
11:40,Sunday,25.1,53.7,834,0,5.97
12:00,Sunday,24.4,56.0,803,1,8.28
12:20,Sunday,25.9,53.7,1044,0,7.07
12:40,Sunday,25.1,55.9,779,0,6.52
13:00,Sunday,24.6,57.3,626,0,5.63
13:20,Sunday,24.9,56.8,743,1,7.89
13:40,Sunday,25.2,51.4,769,1,8.62
14:00,Sunday,24.1,54.8,631,0,5.89
14:20,Sunday,24.3,54.4,407,0,5.79
14:40,Sunday,25.4,56.2,856,1,8.32
15:00,Sunday,23.2,58.6,432,0,5.28
15:20,Sunday,25.1,58.1,334,0,5.96
15:40,Sunday,23.8,59.4,569,0,5.55
16:00,Sunday,23.0,58.1,633,0,5.26
16:20,Sunday,23.4,60.9,249,0,5.51
16:40,Sunday,23.4,60.5,319,0,5.12
17:00,Sunday,22.7,61.4,252,1,8.01
17:20,Sunday,22.0,62.9,282,0,4.32
17:40,Sunday,22.9,64.1,164,0,4.14
18:00,Sunday,21.1,66.3,3,0,4.9
18:20,Sunday,20.8,65.4,4,0,3.33
18:40,Sunday,20.6,64.6,3,0,4.82
19:00,Sunday,19.3,66.3,4,0,4.68
19:20,Sunday,19.2,65.2,3,0,4.12
19:40,Sunday,19.2,69.1,9,0,4.41
20:00,Sunday,18.6,70.2,4,0,4.47
20:20,Sunday,18.6,69.7,8,0,4.08
20:40,Sunday,18.5,70.3,6,0,4.63
21:00,Sunday,18.7,72.6,1,0,5.18
21:20,Sunday,17.9,68.5,1,0,4.67
21:40,Sunday,17.0,69.2,7,0,5.25
22:00,Sunday,16.2,73.5,6,0,4.4
22:20,Sunday,17.5,73.6,8,0,3.72
22:40,Sunday,15.9,72.3,7,0,5.31
23:00,Sunday,16.0,73.5,2,0,5.0
23:20,Sunday,16.1,76.3,8,0,4.6
23:40,Sunday,16.4,73.4,6,0,4.45
00:00,Monday,15.8,73.8,5,0,6.59
00:20,Monday,16.0,75.6,2,0,5.75
00:40,Monday,15.9,75.0,3,0,5.55
01:00,Monday,16.6,70.1,6,0,6.65
01:20,Monday,16.0,71.6,7,0,6.99
01:40,Monday,16.3,72.8,6,0,6.4
02:00,Monday,17.3,73.3,2,0,5.74
02:20,Monday,17.4,70.6,4,0,5.56
02:40,Monday,17.7,72.0,5,0,6.37
03:00,Monday,17.3,70.4,4,0,5.94
03:20,Monday,18.6,65.4,2,0,6.39
03:40,Monday,17.8,72.4,9,0,5.54
04:00,Monday,19.4,70.9,5,0,6.06
04:20,Monday,19.2,65.8,7,0,4.75
04:40,Monday,19.4,64.9,7,0,5.63
05:00,Monday,20.2,68.3,3,0,6.36
05:20,Monday,19.0,66.2,4,0,6.98
05:40,Monday,20.8,66.4,1,0,6.15
06:00,Monday,21.5,65.6,0,0,6.27
06:20,Monday,21.3,61.3,170,0,5.81
06:40,Monday,20.9,63.2,0,0,6.76
07:00,Monday,22.9,59.8,10,0,7.45
07:20,Monday,23.0,60.1,397,0,6.99
07:40,Monday,23.9,60.1,0,0,6.91
08:00,Monday,24.0,59.7,400,1,11.05
08:20,Monday,24.1,56.2,466,0,7.49
08:40,Monday,23.8,57.4,331,0,7.25
09:00,Monday,24.2,57.5,617,1,11.87
09:20,Monday,25.4,56.1,718,1,12.92
09:40,Monday,25.4,51.8,665,1,12.83
10:00,Monday,25.9,52.3,582,1,13.2
10:20,Monday,26.2,52.2,613,1,13.16
10:40,Monday,26.5,55.6,808,1,13.32
11:00,Monday,25.8,52.6,661,1,12.4
11:20,Monday,26.9,55.8,650,1,13.43
11:40,Monday,26.8,50.4,793,1,13.19
12:00,Monday,26.2,52.4,478,1,12.67
12:20,Monday,27.0,53.8,357,0,10.37
12:40,Monday,26.2,49.8,753,1,13.99
13:00,Monday,26.9,53.6,866,1,13.9
13:20,Monday,27.6,51.0,786,1,14.33
13:40,Monday,26.3,50.5,1060,0,9.69
14:00,Monday,26.3,53.8,465,0,9.91
14:20,Monday,25.6,56.8,478,0,9.52
14:40,Monday,26.9,51.3,537,0,10.65
15:00,Monday,26.3,55.7,341,1,12.28
15:20,Monday,25.0,51.5,487,1,12.67
15:40,Monday,25.4,53.2,489,1,12.81
16:00,Monday,24.2,57.5,308,1,11.41
16:20,Monday,25.0,54.8,154,1,12.39
16:40,Monday,23.4,54.9,382,1,9.98
17:00,Monday,23.3,58.8,219,1,9.53
17:20,Monday,23.3,59.4,278,1,10.57
17:40,Monday,23.4,53.6,278,1,10.43
18:00,Monday,21.8,61.5,3,1,9.72
18:20,Monday,21.6,63.2,3,0,6.24
18:40,Monday,21.1,58.6,6,1,10.12
19:00,Monday,20.7,63.3,6,0,4.38
19:20,Monday,19.9,64.1,6,1,9.64
19:40,Monday,21.7,65.6,6,0,5.02
20:00,Monday,19.1,67.7,8,0,5.19
20:20,Monday,18.8,65.6,7,0,6.06
20:40,Monday,19.3,64.7,6,0,5.63
21:00,Monday,18.6,67.1,8,0,5.5
21:20,Monday,17.7,68.2,5,0,6.5
21:40,Monday,19.2,68.5,5,0,4.75
22:00,Monday,18.2,68.9,7,0,5.24
22:20,Monday,16.5,69.5,5,0,6.62
22:40,Monday,17.9,69.6,6,0,6.37
23:00,Monday,17.5,71.9,4,0,5.74
23:20,Monday,16.3,71.5,9,0,5.78
23:40,Monday,16.9,71.8,6,0,6.72
00:00,Tuesday,17.7,65.7,6,0,6.04
00:20,Tuesday,17.1,67.6,5,0,6.09
00:40,Tuesday,16.7,66.2,6,0,6.67
01:00,Tuesday,17.5,71.8,5,0,6.25
01:20,Tuesday,16.8,71.4,3,0,6.02
01:40,Tuesday,17.2,71.2,4,0,6.51
02:00,Tuesday,17.3,70.9,3,0,6.34
02:20,Tuesday,18.1,70.4,5,0,6.33
02:40,Tuesday,18.9,66.8,2,0,5.34
03:00,Tuesday,18.8,67.9,7,0,6.33
03:20,Tuesday,18.6,68.7,7,0,6.08
03:40,Tuesday,18.0,66.8,7,0,5.65
04:00,Tuesday,19.6,63.5,3,0,5.63
04:20,Tuesday,19.4,62.5,7,0,5.35
04:40,Tuesday,19.8,63.8,4,0,5.69
05:00,Tuesday,21.4,63.5,3,0,4.64
05:20,Tuesday,20.1,63.5,9,0,6.31
05:40,Tuesday,20.1,60.1,5,0,5.57
06:00,Tuesday,22.3,60.3,97,0,5.22
06:20,Tuesday,22.4,56.9,15,0,5.48
06:40,Tuesday,21.8,58.2,138,0,5.53
07:00,Tuesday,22.9,56.1,169,0,7.46
07:20,Tuesday,22.9,59.4,220,0,6.23
07:40,Tuesday,23.4,56.9,151,1,10.85
08:00,Tuesday,24.3,55.5,495,1,11.36
08:20,Tuesday,24.5,55.2,312,0,7.48
08:40,Tuesday,24.8,52.6,516,0,8.37
09:00,Tuesday,25.3,49.1,430,1,12.69
09:20,Tuesday,26.0,52.3,702,1,11.61
09:40,Tuesday,25.3,50.8,238,1,12.51
10:00,Tuesday,26.3,51.8,471,0,9.9
10:20,Tuesday,27.1,49.1,772,0,9.78
10:40,Tuesday,26.4,50.2,614,1,13.75
11:00,Tuesday,26.6,48.9,697,1,14.3
11:20,Tuesday,26.2,48.9,1022,0,9.85
11:40,Tuesday,27.6,47.0,296,1,13.43
12:00,Tuesday,27.1,47.7,901,1,14.19
12:20,Tuesday,25.8,47.5,911,1,12.69
12:40,Tuesday,26.8,49.5,858,1,12.79
13:00,Tuesday,25.9,49.4,761,1,12.78
13:20,Tuesday,26.7,51.5,701,1,13.11
13:40,Tuesday,26.5,45.5,1047,1,13.61
14:00,Tuesday,25.8,51.6,671,1,12.29
14:20,Tuesday,25.8,47.4,772,1,12.07
14:40,Tuesday,26.3,46.8,584,1,12.94
15:00,Tuesday,25.5,51.8,313,1,12.53
15:20,Tuesday,25.3,53.6,680,1,12.31
15:40,Tuesday,24.8,52.1,595,1,12.16
16:00,Tuesday,24.8,53.9,237,1,11.6
16:20,Tuesday,23.8,56.9,353,1,10.48
16:40,Tuesday,24.1,52.7,423,0,7.39
17:00,Tuesday,23.1,56.1,148,1,10.55
17:20,Tuesday,23.6,53.1,111,0,6.66
17:40,Tuesday,23.6,55.3,419,1,9.48
18:00,Tuesday,22.2,55.8,2,0,5.29
18:20,Tuesday,21.4,59.8,4,1,10.09
18:40,Tuesday,21.5,54.9,6,0,6.03
19:00,Tuesday,20.1,61.9,6,1,9.52
19:20,Tuesday,19.5,58.1,5,1,11.25
19:40,Tuesday,20.0,63.0,5,0,6.93
20:00,Tuesday,18.9,61.5,4,0,5.55
20:20,Tuesday,18.8,60.0,3,0,6.36
20:40,Tuesday,19.2,61.6,8,0,5.86
21:00,Tuesday,18.7,62.7,6,0,6.24
21:20,Tuesday,19.4,63.2,5,0,5.29
21:40,Tuesday,18.0,63.6,3,0,5.35
22:00,Tuesday,16.6,64.9,4,0,5.83
22:20,Tuesday,17.1,61.6,3,0,6.94
22:40,Tuesday,17.0,67.1,6,0,6.32
23:00,Tuesday,16.2,64.6,3,0,5.83
23:20,Tuesday,15.7,63.9,4,0,6.25
23:40,Tuesday,16.7,64.8,2,0,6.02
00:00,Wednesday,16.1,66.2,2,0,6.71
00:20,Wednesday,16.5,70.2,4,0,7.29
00:40,Wednesday,16.0,63.4,2,0,7.37
01:00,Wednesday,17.2,64.3,7,0,5.19
01:20,Wednesday,15.6,64.7,6,0,6.1
01:40,Wednesday,16.6,64.9,4,0,6.04
02:00,Wednesday,16.0,64.6,5,0,6.46
02:20,Wednesday,17.0,62.6,2,0,6.25
02:40,Wednesday,16.2,64.8,4,0,6.75
03:00,Wednesday,17.6,63.3,5,0,6.46
03:20,Wednesday,18.8,60.3,7,0,5.34
03:40,Wednesday,17.3,64.3,4,0,6.61
04:00,Wednesday,19.2,62.7,5,0,6.23
04:20,Wednesday,18.3,60.0,3,0,6.07
04:40,Wednesday,18.8,60.2,2,0,6.05
05:00,Wednesday,19.8,62.0,10,0,5.66
05:20,Wednesday,20.0,55.8,5,0,6.48
05:40,Wednesday,19.8,54.5,6,0,5.64
06:00,Wednesday,20.1,53.3,0,0,6.94
06:20,Wednesday,20.7,56.4,67,0,5.86
06:40,Wednesday,21.4,56.3,43,0,6.06
07:00,Wednesday,22.4,51.2,382,0,6.04
07:20,Wednesday,22.6,54.6,171,1,10.08
07:40,Wednesday,22.3,51.9,81,0,5.68
08:00,Wednesday,24.1,53.9,616,0,7.49
08:20,Wednesday,23.1,51.0,525,0,6.48
08:40,Wednesday,24.3,52.2,263,1,10.74
09:00,Wednesday,24.3,48.6,438,1,11.18
09:20,Wednesday,24.4,48.5,688,1,11.6
09:40,Wednesday,24.5,52.2,686,1,11.79
10:00,Wednesday,25.5,45.6,894,1,12.6
10:20,Wednesday,24.9,45.0,580,1,12.4
10:40,Wednesday,24.2,48.5,838,1,12.06
11:00,Wednesday,24.9,45.0,691,1,12.5
11:20,Wednesday,25.9,44.3,825,1,13.14
11:40,Wednesday,25.3,46.8,973,1,12.36
12:00,Wednesday,26.2,46.7,635,1,12.95
12:20,Wednesday,25.3,45.6,652,1,13.02
12:40,Wednesday,25.9,45.8,1258,1,14.61
13:00,Wednesday,24.7,41.8,981,0,8.25
13:20,Wednesday,24.3,40.4,718,1,11.97
13:40,Wednesday,25.8,44.3,716,1,12.44
14:00,Wednesday,24.8,42.1,455,1,12.38
14:20,Wednesday,24.5,48.0,765,1,11.89
14:40,Wednesday,25.2,45.8,686,1,12.03
15:00,Wednesday,23.8,51.8,497,0,6.73
15:20,Wednesday,23.7,45.3,672,1,10.72
15:40,Wednesday,24.2,48.2,431,1,11.22
16:00,Wednesday,23.7,47.0,41,1,11.97
16:20,Wednesday,23.9,50.2,632,1,10.67
16:40,Wednesday,22.7,51.4,456,0,6.04
17:00,Wednesday,21.4,55.8,82,1,9.44
17:20,Wednesday,21.6,51.8,301,1,9.42
17:40,Wednesday,20.8,50.7,341,0,6.88
18:00,Wednesday,19.8,55.6,5,0,6.87
18:20,Wednesday,19.5,53.8,7,1,10.62
18:40,Wednesday,20.2,51.5,5,1,10.53
19:00,Wednesday,18.8,57.2,4,0,6.95
19:20,Wednesday,18.3,56.0,3,1,11.23
19:40,Wednesday,18.8,61.0,5,1,10.56
20:00,Wednesday,17.6,61.0,5,0,6.58
20:20,Wednesday,17.2,59.4,8,0,6.34
20:40,Wednesday,18.1,63.0,5,0,6.79
21:00,Wednesday,16.6,58.4,7,0,6.0
21:20,Wednesday,16.6,63.0,4,0,6.76
21:40,Wednesday,17.0,62.1,5,0,6.54
22:00,Wednesday,15.6,65.9,4,0,6.86
22:20,Wednesday,15.6,64.0,3,0,7.2
22:40,Wednesday,15.3,62.4,7,0,8.09
23:00,Wednesday,14.9,63.0,2,0,7.11
23:20,Wednesday,14.8,63.8,4,0,8.47
23:40,Wednesday,15.1,66.2,6,0,7.69
00:00,Thursday,14.9,69.1,5,0,6.27
00:20,Thursday,13.8,63.4,9,0,8.28
00:40,Thursday,14.9,67.1,4,0,7.12
01:00,Thursday,14.6,59.2,1,0,8.11
01:20,Thursday,14.8,66.4,5,0,7.8
01:40,Thursday,15.2,61.3,0,0,6.45
02:00,Thursday,15.2,65.6,7,0,7.44
02:20,Thursday,14.9,63.7,5,0,7.34
02:40,Thursday,13.8,62.4,4,0,7.68
03:00,Thursday,16.3,60.0,8,0,7.29
03:20,Thursday,16.9,60.3,5,0,6.39
03:40,Thursday,15.5,64.3,7,0,6.87
04:00,Thursday,16.4,64.6,8,0,6.33
04:20,Thursday,17.4,61.1,3,0,5.97
04:40,Thursday,17.0,64.8,6,0,7.2
05:00,Thursday,17.9,56.9,5,0,7.05
05:20,Thursday,17.8,56.9,5,0,7.45
05:40,Thursday,17.8,53.9,5,0,6.56
06:00,Thursday,18.6,53.1,44,0,8.1
06:20,Thursday,19.6,54.9,0,0,7.05
06:40,Thursday,18.4,61.1,126,0,7.04
07:00,Thursday,20.5,56.6,298,1,9.51
07:20,Thursday,20.8,47.6,194,0,7.27
07:40,Thursday,20.1,54.5,384,1,10.71
08:00,Thursday,21.4,48.6,489,0,6.38
08:20,Thursday,21.8,52.0,234,1,9.45
08:40,Thursday,21.3,50.9,444,1,9.2
09:00,Thursday,22.8,52.9,426,1,10.9
09:20,Thursday,22.8,47.6,659,0,6.47
09:40,Thursday,22.0,53.1,314,1,10.04
10:00,Thursday,23.4,47.0,578,1,10.71
10:20,Thursday,23.4,49.1,846,1,10.73
10:40,Thursday,22.1,46.0,704,1,11.13
11:00,Thursday,23.9,48.7,888,0,8.49
11:20,Thursday,24.0,46.7,400,1,11.8
11:40,Thursday,23.7,49.3,1001,1,11.67
12:00,Thursday,23.8,48.5,579,1,11.82
12:20,Thursday,24.1,45.0,814,1,10.67
12:40,Thursday,23.9,49.4,722,1,12.02
13:00,Thursday,23.5,45.8,461,1,11.21
13:20,Thursday,24.2,43.1,575,1,11.81
13:40,Thursday,23.3,47.3,743,1,11.73
14:00,Thursday,22.2,44.8,646,1,9.1
14:20,Thursday,23.8,48.6,759,0,8.8
14:40,Thursday,22.7,48.7,738,1,10.19
15:00,Thursday,22.0,53.0,372,1,9.69
15:20,Thursday,22.0,49.3,596,1,10.38
15:40,Thursday,21.7,49.8,728,1,9.67
16:00,Thursday,22.0,51.9,395,0,6.42
16:20,Thursday,20.4,51.7,312,1,9.87
16:40,Thursday,21.1,50.4,306,1,8.85
17:00,Thursday,19.6,52.8,129,1,10.26
17:20,Thursday,19.4,55.9,315,1,10.51
17:40,Thursday,19.3,59.7,145,0,6.62
18:00,Thursday,18.5,59.5,9,0,6.71
18:20,Thursday,18.7,58.5,5,0,6.78
18:40,Thursday,19.7,57.1,10,0,6.38
19:00,Thursday,17.4,62.1,8,1,11.22
19:20,Thursday,17.0,61.0,5,0,7.33
19:40,Thursday,16.9,61.5,6,1,11.35
20:00,Thursday,15.9,61.7,7,0,7.85
20:20,Thursday,16.1,57.7,3,0,6.75
20:40,Thursday,14.6,61.9,4,0,7.58
21:00,Thursday,14.8,68.4,6,0,7.7
21:20,Thursday,15.3,62.9,2,0,8.29
21:40,Thursday,15.1,67.1,5,0,7.9
22:00,Thursday,13.7,66.7,7,0,8.07
22:20,Thursday,13.0,66.0,5,0,8.66
22:40,Thursday,14.3,66.9,2,0,7.79
23:00,Thursday,13.0,67.2,5,0,7.9
23:20,Thursday,13.7,66.2,1,0,7.23
23:40,Thursday,13.2,67.3,4,0,9.04
00:00,Friday,12.4,71.4,2,0,8.03
00:20,Friday,13.5,69.6,0,0,8.4
00:40,Friday,13.5,66.7,6,0,7.35
01:00,Friday,13.3,65.8,7,0,8.34
01:20,Friday,13.0,66.4,4,0,8.41
01:40,Friday,13.1,68.6,6,0,7.97
02:00,Friday,14.0,66.0,6,0,7.39
02:20,Friday,13.1,65.5,4,0,8.26
02:40,Friday,14.0,67.3,4,0,7.11
03:00,Friday,15.1,63.4,4,0,6.92
03:20,Friday,14.6,65.4,3,0,7.9
03:40,Friday,14.4,65.5,6,0,6.72
04:00,Friday,14.9,59.6,6,0,7.48
04:20,Friday,15.0,65.1,8,0,7.34
04:40,Friday,16.0,66.6,4,0,7.54
05:00,Friday,17.0,57.8,7,0,6.82
05:20,Friday,16.8,61.0,4,0,7.54
05:40,Friday,16.8,58.5,8,0,7.98
06:00,Friday,18.6,60.8,38,0,8.11
06:20,Friday,18.2,60.8,132,0,7.17
06:40,Friday,18.6,56.0,103,0,5.93
07:00,Friday,19.1,55.3,194,0,7.52
07:20,Friday,20.0,56.7,179,0,6.36
07:40,Friday,19.4,56.5,110,0,6.63
08:00,Friday,20.9,50.7,173,0,6.96
08:20,Friday,20.3,53.5,287,1,9.99
08:40,Friday,21.3,53.2,271,1,10.58
09:00,Friday,22.6,52.2,493,1,9.55
09:20,Friday,21.2,52.5,427,1,10.55
09:40,Friday,21.7,50.4,608,1,10.32
10:00,Friday,22.8,51.8,945,1,11.27
10:20,Friday,22.1,48.2,663,0,6.73
10:40,Friday,22.3,49.3,908,1,11.09
11:00,Friday,23.2,50.5,434,1,12.16
11:20,Friday,23.0,51.0,789,0,7.83
11:40,Friday,22.3,51.5,774,1,10.03
12:00,Friday,23.3,51.2,997,1,11.09
12:20,Friday,22.2,49.1,651,1,10.43
12:40,Friday,22.9,52.5,801,1,10.98
13:00,Friday,22.8,50.2,304,1,10.81
13:20,Friday,23.9,51.3,934,0,8.95
13:40,Friday,22.9,51.9,961,1,9.92
14:00,Friday,21.9,51.3,926,1,9.79
14:20,Friday,21.5,49.1,768,1,10.56
14:40,Friday,22.3,51.4,1002,1,10.03
15:00,Friday,21.9,56.8,243,1,9.81
15:20,Friday,21.3,54.1,436,0,7.64
15:40,Friday,21.5,51.0,421,1,9.44
16:00,Friday,20.4,55.0,223,0,7.29
16:20,Friday,20.4,57.9,440,1,10.14
16:40,Friday,20.5,54.6,434,1,10.83
17:00,Friday,19.0,56.7,150,0,6.23
17:20,Friday,20.2,58.9,158,1,10.73
17:40,Friday,19.3,55.6,267,1,10.23
18:00,Friday,18.1,59.6,1,0,6.98
18:20,Friday,18.4,64.4,7,0,7.53
18:40,Friday,17.6,61.8,3,0,7.22
19:00,Friday,16.6,61.1,5,0,7.25
19:20,Friday,16.8,65.4,5,0,8.25
19:40,Friday,17.4,64.7,5,0,6.72
20:00,Friday,15.6,67.3,5,0,8.53
20:20,Friday,16.3,65.4,4,0,6.74
20:40,Friday,16.0,66.0,5,0,7.55
21:00,Friday,15.4,69.5,1,0,7.36
21:20,Friday,15.2,69.3,3,0,7.41
21:40,Friday,15.3,67.8,3,0,7.61
22:00,Friday,13.4,70.6,6,0,8.15
22:20,Friday,14.4,66.4,4,0,6.6
22:40,Friday,13.3,68.2,4,0,7.05
23:00,Friday,13.1,75.3,4,0,7.83
23:20,Friday,13.5,72.9,7,0,7.89
23:40,Friday,13.7,74.0,3,0,8.05
00:00,Saturday,13.3,69.1,8,0,5.99
00:20,Saturday,13.6,76.5,4,0,5.09
00:40,Saturday,13.3,67.1,8,0,5.79
01:00,Saturday,13.1,68.3,4,0,5.17
01:20,Saturday,13.3,70.4,5,0,4.67
01:40,Saturday,13.3,71.4,2,0,5.29
02:00,Saturday,13.7,69.7,9,0,4.75
02:20,Saturday,13.5,68.5,2,0,4.71
02:40,Saturday,13.7,76.2,5,0,4.56
03:00,Saturday,13.9,68.8,4,0,4.61
03:20,Saturday,14.7,70.6,4,0,5.44
03:40,Saturday,14.8,67.8,4,0,5.0
04:00,Saturday,15.1,66.0,6,0,6.16
04:20,Saturday,16.1,70.5,4,0,5.01
04:40,Saturday,16.9,68.0,5,0,3.88
05:00,Saturday,16.6,67.7,7,0,4.66
05:20,Saturday,17.2,64.3,5,0,4.68
05:40,Saturday,17.0,66.8,4,0,4.17
06:00,Saturday,18.9,65.0,1,0,5.12
06:20,Saturday,19.0,64.4,32,0,5.33
06:40,Saturday,18.3,60.0,11,0,5.14
07:00,Saturday,19.6,59.7,174,0,4.66
07:20,Saturday,20.2,60.5,246,0,4.74
07:40,Saturday,19.5,58.4,0,0,4.83
08:00,Saturday,21.1,55.5,322,0,4.67
08:20,Saturday,20.4,58.7,402,0,4.47
08:40,Saturday,20.9,56.5,608,0,5.43
09:00,Saturday,21.9,59.2,597,0,5.02
09:20,Saturday,22.2,56.4,427,0,5.16
09:40,Saturday,21.9,55.2,767,0,5.27
10:00,Saturday,22.7,54.6,579,0,4.48
10:20,Saturday,22.2,56.8,694,0,4.94
10:40,Saturday,23.0,55.7,722,0,5.23
11:00,Saturday,23.8,52.6,801,1,8.06
11:20,Saturday,23.1,54.8,667,0,5.33
11:40,Saturday,23.4,54.4,874,1,8.53
12:00,Saturday,23.0,53.9,1120,1,7.73
12:20,Saturday,23.5,50.3,535,0,5.14
12:40,Saturday,23.9,56.2,1033,0,5.75
13:00,Saturday,24.4,52.3,812,0,5.96
13:20,Saturday,23.7,52.0,530,1,7.96
13:40,Saturday,23.5,58.0,944,1,7.93
14:00,Saturday,22.6,55.2,568,0,4.19
14:20,Saturday,23.2,55.0,549,0,5.08
14:40,Saturday,22.7,54.4,727,0,5.25
15:00,Saturday,22.9,56.3,479,0,5.35
15:20,Saturday,22.6,56.5,496,0,3.63
15:40,Saturday,21.8,58.9,783,0,4.33
16:00,Saturday,21.7,57.0,473,0,4.35
16:20,Saturday,21.5,58.8,253,1,6.74
16:40,Saturday,21.4,59.4,519,0,4.91
17:00,Saturday,20.6,63.0,378,0,5.29
17:20,Saturday,21.0,61.6,385,0,4.12
17:40,Saturday,20.6,63.1,232,0,4.99
18:00,Saturday,18.2,67.1,5,0,4.62
18:20,Saturday,19.5,66.3,6,0,3.63
18:40,Saturday,19.2,66.3,5,0,5.12
19:00,Saturday,17.4,65.9,4,0,5.2
19:20,Saturday,18.0,68.8,9,0,4.45
19:40,Saturday,17.3,67.8,3,0,5.36
20:00,Saturday,16.9,68.8,5,0,4.69
20:20,Saturday,17.1,69.5,6,0,5.18
20:40,Saturday,16.5,67.1,7,0,4.38
21:00,Saturday,16.1,69.9,2,0,4.51
21:20,Saturday,15.6,68.9,6,0,4.48
21:40,Saturday,16.2,70.6,7,0,4.35
22:00,Saturday,15.1,74.8,6,0,5.54
22:20,Saturday,15.0,77.9,8,0,4.24
22:40,Saturday,14.9,72.6,7,0,4.72
23:00,Saturday,14.8,73.5,3,0,4.2
23:20,Saturday,15.1,73.8,4,0,5.2
23:40,Saturday,14.0,70.6,7,0,4.53
00:00,Sunday,13.4,75.3,4,0,5.21
00:20,Sunday,13.7,72.7,2,0,5.52
00:40,Sunday,13.5,70.7,5,0,4.62
01:00,Sunday,15.6,69.6,4,0,4.25
01:20,Sunday,14.0,74.1,6,0,5.36
01:40,Sunday,14.0,74.9,10,0,4.02
02:00,Sunday,14.7,70.2,8,0,4.29
02:20,Sunday,14.7,73.1,0,0,4.69
02:40,Sunday,14.8,72.2,1,0,3.98
03:00,Sunday,16.3,70.8,3,0,3.88
03:20,Sunday,16.4,74.5,5,0,3.23
03:40,Sunday,15.4,69.4,2,0,5.1
04:00,Sunday,16.2,69.1,6,0,5.67
04:20,Sunday,17.2,74.9,8,0,4.1
04:40,Sunday,16.2,71.6,4,0,4.51
05:00,Sunday,19.2,70.0,5,0,4.03
05:20,Sunday,18.9,67.0,11,0,3.88
05:40,Sunday,19.5,69.4,5,0,4.28
06:00,Sunday,19.8,64.5,187,0,4.1
06:20,Sunday,19.4,63.2,0,0,4.22
06:40,Sunday,20.6,68.1,0,0,4.0
07:00,Sunday,21.9,64.5,165,0,3.77
07:20,Sunday,21.2,62.7,251,0,3.78
07:40,Sunday,20.5,62.2,165,0,4.5
08:00,Sunday,21.9,59.3,622,0,4.5
08:20,Sunday,22.6,59.0,545,0,3.91
08:40,Sunday,22.3,59.8,315,0,4.69
09:00,Sunday,23.6,57.6,855,0,3.88
09:20,Sunday,24.6,56.2,537,0,4.95
09:40,Sunday,24.2,59.3,513,0,5.97
10:00,Sunday,23.9,57.9,633,1,8.01
10:20,Sunday,24.4,58.0,858,1,8.23
10:40,Sunday,24.9,57.4,628,0,5.76
11:00,Sunday,25.3,54.6,855,0,6.45
11:20,Sunday,25.0,56.3,787,0,5.62
11:40,Sunday,24.7,58.7,498,1,7.39
12:00,Sunday,25.1,54.9,895,0,6.53
12:20,Sunday,24.9,51.4,835,0,5.71
12:40,Sunday,25.2,51.7,820,0,6.08
13:00,Sunday,25.1,57.4,743,0,6.18
13:20,Sunday,25.7,55.0,550,0,5.93
13:40,Sunday,24.8,54.5,659,0,6.45
14:00,Sunday,24.9,59.1,642,1,7.19
14:20,Sunday,25.0,56.9,800,0,5.97
14:40,Sunday,24.9,57.8,750,0,4.89
15:00,Sunday,24.0,63.3,243,0,5.68
15:20,Sunday,24.8,56.7,711,0,5.79
15:40,Sunday,24.6,56.6,677,1,7.73
16:00,Sunday,22.4,59.5,286,1,5.71
16:20,Sunday,22.9,58.7,499,1,6.7
16:40,Sunday,23.7,59.0,176,0,5.07
17:00,Sunday,21.1,61.3,177,0,4.73
17:20,Sunday,22.6,62.7,375,1,6.0
17:40,Sunday,22.9,63.9,205,0,4.39
18:00,Sunday,21.9,65.6,0,1,6.51
18:20,Sunday,20.9,63.4,5,0,3.81
18:40,Sunday,21.2,66.4,6,0,3.76
19:00,Sunday,20.3,65.5,5,0,3.74
19:20,Sunday,18.6,64.2,7,0,4.15
19:40,Sunday,19.3,66.4,4,0,3.46
20:00,Sunday,18.4,68.5,4,0,4.37
20:20,Sunday,19.1,71.1,6,0,2.94
20:40,Sunday,18.5,70.5,4,0,3.88
21:00,Sunday,17.5,69.9,7,0,4.17
21:20,Sunday,17.8,73.0,6,0,4.38
21:40,Sunday,16.7,69.2,4,0,4.22
22:00,Sunday,17.0,77.9,1,0,4.08
22:20,Sunday,16.8,74.8,3,0,4.19
22:40,Sunday,16.9,75.0,5,0,4.3
23:00,Sunday,16.5,77.9,3,0,2.73
23:20,Sunday,16.7,76.9,4,0,3.26
23:40,Sunday,16.4,73.6,5,0,3.11
00:00,Monday,15.8,74.5,4,0,6.2
00:20,Monday,17.1,73.4,3,0,5.83
00:40,Monday,17.0,73.3,6,0,5.51
01:00,Monday,15.9,71.5,3,0,5.76
01:20,Monday,16.1,72.3,6,0,5.93
01:40,Monday,15.2,72.8,6,0,6.06
02:00,Monday,17.6,71.3,5,0,5.53
02:20,Monday,18.3,70.2,6,0,5.53
02:40,Monday,17.3,68.4,5,0,6.09
03:00,Monday,17.7,70.4,7,0,5.74
03:20,Monday,17.5,71.6,3,0,6.53
03:40,Monday,18.4,70.1,8,0,5.1
04:00,Monday,18.6,69.5,7,0,5.53
04:20,Monday,19.3,71.8,7,0,5.34
04:40,Monday,19.2,67.5,4,0,5.15
05:00,Monday,20.2,66.6,4,0,5.67
05:20,Monday,19.6,66.0,3,0,5.65
05:40,Monday,21.2,64.3,9,0,4.83
06:00,Monday,21.5,63.9,29,0,4.29
06:20,Monday,21.1,58.3,37,0,5.82
06:40,Monday,21.5,65.7,85,0,4.83
07:00,Monday,23.1,61.6,293,1,9.53
07:20,Monday,22.8,61.8,293,0,5.03
07:40,Monday,22.7,60.3,219,0,5.99
08:00,Monday,24.3,55.6,175,1,9.87
08:20,Monday,24.3,56.3,245,0,6.93
08:40,Monday,24.0,56.9,556,0,6.35
09:00,Monday,24.7,58.9,417,0,7.97
09:20,Monday,24.3,54.7,689,1,10.04
09:40,Monday,25.5,57.6,705,0,7.61
10:00,Monday,25.3,51.1,555,1,11.64
10:20,Monday,26.5,52.9,446,1,10.7
10:40,Monday,25.9,55.8,565,1,11.02
11:00,Monday,26.8,52.9,618,1,11.51
11:20,Monday,26.4,52.4,851,1,12.09
11:40,Monday,26.8,53.5,631,1,11.35
12:00,Monday,27.0,46.8,394,1,11.94
12:20,Monday,26.8,54.7,945,1,12.44
12:40,Monday,27.0,54.1,554,1,12.08
13:00,Monday,26.5,52.1,557,1,11.8
13:20,Monday,25.8,52.5,1006,1,11.87
13:40,Monday,26.7,54.0,875,1,11.01
14:00,Monday,25.5,55.2,903,1,10.91
14:20,Monday,26.7,55.2,643,1,11.05
14:40,Monday,26.8,57.2,441,1,11.67
15:00,Monday,25.0,54.9,403,1,10.26
15:20,Monday,25.9,54.2,110,1,10.3
15:40,Monday,25.5,52.2,705,1,10.97
16:00,Monday,24.6,57.9,361,1,10.25
16:20,Monday,23.6,58.8,228,1,9.53
16:40,Monday,24.5,57.9,284,1,9.94
17:00,Monday,22.8,59.1,177,0,5.99
17:20,Monday,24.1,59.4,194,1,10.29
17:40,Monday,22.9,59.2,380,1,8.73
18:00,Monday,21.3,59.2,7,0,4.97
18:20,Monday,22.1,63.2,7,0,6.0
18:40,Monday,22.1,59.7,5,1,8.23
19:00,Monday,21.0,63.3,3,1,7.62
19:20,Monday,21.3,66.4,2,0,4.87
19:40,Monday,21.0,63.5,6,0,5.16
20:00,Monday,19.0,65.3,5,0,6.12
20:20,Monday,19.4,65.7,5,0,4.78
20:40,Monday,19.3,63.6,2,0,5.12
21:00,Monday,17.6,65.6,5,0,5.9
21:20,Monday,17.3,62.7,5,0,5.99
21:40,Monday,18.2,72.9,5,0,4.81
22:00,Monday,17.5,68.6,5,0,5.24
22:20,Monday,18.2,68.7,6,0,4.44
22:40,Monday,18.1,68.8,7,0,5.24
23:00,Monday,17.3,71.6,3,0,5.84
23:20,Monday,17.3,69.9,6,0,5.01
23:40,Monday,17.6,69.1,4,0,4.95
00:00,Tuesday,16.7,69.8,4,0,5.33
00:20,Tuesday,17.8,73.6,6,0,4.67
00:40,Tuesday,17.3,71.1,3,0,4.98
01:00,Tuesday,17.4,74.1,6,0,5.14
01:20,Tuesday,16.4,67.4,7,0,5.9
01:40,Tuesday,16.9,66.5,4,0,5.23
02:00,Tuesday,17.1,66.5,8,0,6.01
02:20,Tuesday,17.3,69.1,2,0,4.75
02:40,Tuesday,16.9,69.9,9,0,5.58
03:00,Tuesday,18.7,66.5,2,0,4.77
03:20,Tuesday,18.2,65.2,6,0,4.47
03:40,Tuesday,18.6,66.4,7,0,4.79
04:00,Tuesday,19.6,63.8,2,0,4.38
04:20,Tuesday,19.6,62.1,6,0,4.39
04:40,Tuesday,19.9,61.9,4,0,4.69
05:00,Tuesday,21.4,61.2,4,0,5.23
05:20,Tuesday,20.6,64.2,2,0,5.29
05:40,Tuesday,21.1,57.3,8,0,3.64
06:00,Tuesday,22.2,59.3,0,0,5.42
06:20,Tuesday,22.2,60.5,78,0,4.54
06:40,Tuesday,20.8,55.4,0,0,5.53
07:00,Tuesday,23.0,55.6,315,1,8.73
07:20,Tuesday,23.1,55.8,128,0,5.44
07:40,Tuesday,23.9,55.4,147,1,8.72
08:00,Tuesday,24.4,55.6,239,1,9.38
08:20,Tuesday,24.2,48.8,412,1,9.75
08:40,Tuesday,24.4,52.3,662,0,7.24
09:00,Tuesday,25.2,49.3,599,1,10.7
09:20,Tuesday,25.6,50.5,495,1,11.71
09:40,Tuesday,26.0,49.3,566,1,10.79
10:00,Tuesday,26.2,52.2,579,1,10.73
10:20,Tuesday,25.7,50.0,724,0,7.15
10:40,Tuesday,25.6,50.4,663,1,10.54
11:00,Tuesday,26.7,51.4,832,1,11.29
11:20,Tuesday,27.1,48.3,865,1,11.88
11:40,Tuesday,27.5,49.1,884,1,11.48
12:00,Tuesday,27.1,50.0,789,1,10.84
12:20,Tuesday,26.8,49.9,612,0,8.81
12:40,Tuesday,27.2,47.6,403,1,12.66
13:00,Tuesday,26.8,48.4,858,1,11.74
13:20,Tuesday,26.4,46.8,881,1,11.08
13:40,Tuesday,26.4,51.9,1013,1,11.78
14:00,Tuesday,26.3,47.1,879,0,9.89
14:20,Tuesday,26.3,48.5,599,1,11.11
14:40,Tuesday,26.0,49.5,683,1,11.2
15:00,Tuesday,25.2,49.2,335,1,11.61
15:20,Tuesday,25.7,49.8,656,0,7.2
15:40,Tuesday,25.3,51.9,559,1,10.79
16:00,Tuesday,24.2,54.1,124,1,10.01
16:20,Tuesday,24.0,50.9,392,0,6.28
16:40,Tuesday,24.0,53.4,582,1,10.21
17:00,Tuesday,22.3,53.9,67,1,9.33
17:20,Tuesday,22.8,56.3,214,1,8.36
17:40,Tuesday,23.1,53.6,237,1,9.01
18:00,Tuesday,21.6,54.7,7,1,8.82
18:20,Tuesday,21.3,56.7,5,0,4.06
18:40,Tuesday,21.4,53.8,3,1,8.33
19:00,Tuesday,20.7,56.7,6,0,4.88
19:20,Tuesday,20.0,61.6,4,0,4.43
19:40,Tuesday,21.2,57.7,3,0,4.49
20:00,Tuesday,18.7,60.3,4,0,4.99
20:20,Tuesday,18.2,63.0,3,0,5.76
20:40,Tuesday,18.3,59.5,6,0,5.63
21:00,Tuesday,17.3,64.2,6,0,5.74
21:20,Tuesday,18.1,60.3,3,0,4.85
21:40,Tuesday,17.7,63.9,6,0,5.83
22:00,Tuesday,17.2,66.9,2,0,5.45
22:20,Tuesday,17.0,65.2,8,0,5.27
22:40,Tuesday,17.8,66.2,8,0,5.69
23:00,Tuesday,17.0,64.0,5,0,5.09
23:20,Tuesday,16.1,64.6,4,0,5.52
23:40,Tuesday,16.9,65.5,6,0,5.14
00:00,Wednesday,16.2,64.7,1,0,4.93
00:20,Wednesday,16.4,63.9,5,0,4.83
00:40,Wednesday,17.5,64.4,8,0,5.61
01:00,Wednesday,17.5,66.5,10,0,3.98
01:20,Wednesday,16.6,68.2,6,0,5.23
01:40,Wednesday,17.2,66.9,5,0,4.71
02:00,Wednesday,16.8,64.3,2,0,5.19
02:20,Wednesday,16.4,63.2,4,0,6.68
02:40,Wednesday,17.0,65.4,4,0,4.73
03:00,Wednesday,17.5,61.0,7,0,6.01
03:20,Wednesday,18.1,59.8,5,0,5.1
03:40,Wednesday,17.4,61.7,4,0,5.64
04:00,Wednesday,19.3,58.4,10,0,5.26
04:20,Wednesday,19.0,58.9,5,0,4.86
04:40,Wednesday,18.7,62.2,11,0,4.99
05:00,Wednesday,18.5,55.5,5,0,5.67
05:20,Wednesday,20.0,56.1,3,0,4.58
05:40,Wednesday,19.6,57.3,4,0,5.38
06:00,Wednesday,19.8,55.8,0,0,5.81
06:20,Wednesday,20.7,54.2,0,0,5.72
06:40,Wednesday,22.0,55.4,25,0,4.44
07:00,Wednesday,21.8,55.6,382,0,5.98
07:20,Wednesday,22.9,49.0,256,0,4.9
07:40,Wednesday,21.9,51.0,296,0,4.78
08:00,Wednesday,23.1,48.7,123,0,6.67
08:20,Wednesday,23.1,51.5,454,1,8.66
08:40,Wednesday,24.1,49.5,367,0,5.74
09:00,Wednesday,23.7,50.3,591,0,7.06
09:20,Wednesday,24.4,45.5,684,1,10.08
09:40,Wednesday,24.7,50.1,351,1,9.45
10:00,Wednesday,24.5,45.5,443,1,10.86
10:20,Wednesday,24.5,46.8,507,1,10.48
10:40,Wednesday,25.2,44.2,881,1,10.55
11:00,Wednesday,25.2,45.6,643,1,11.25
11:20,Wednesday,25.8,44.6,708,1,11.1
11:40,Wednesday,25.9,43.6,970,1,11.29
12:00,Wednesday,25.4,45.9,706,1,11.04
12:20,Wednesday,24.8,45.5,629,1,11.16
12:40,Wednesday,25.8,42.5,536,1,10.92
13:00,Wednesday,24.6,50.1,716,1,10.58
13:20,Wednesday,25.3,45.5,1118,1,11.32
13:40,Wednesday,23.9,45.8,529,1,9.93
14:00,Wednesday,25.7,45.6,663,1,10.05
14:20,Wednesday,23.7,46.4,475,1,10.08
14:40,Wednesday,24.1,49.9,319,1,9.74
15:00,Wednesday,23.7,49.2,440,1,8.96
15:20,Wednesday,24.5,45.7,541,0,6.77
15:40,Wednesday,23.7,48.6,625,1,9.96
16:00,Wednesday,22.9,49.0,63,0,6.31
16:20,Wednesday,22.5,50.6,509,1,8.02
16:40,Wednesday,23.0,51.0,469,0,6.67
17:00,Wednesday,21.5,55.1,236,1,9.12
17:20,Wednesday,21.5,50.0,93,1,8.64
17:40,Wednesday,21.9,54.7,9,0,5.04
18:00,Wednesday,20.0,54.8,6,0,5.04
18:20,Wednesday,19.7,56.7,4,0,6.04
18:40,Wednesday,19.3,55.2,1,1,9.72
19:00,Wednesday,18.9,58.9,6,1,8.59
19:20,Wednesday,18.1,57.7,4,1,9.95
19:40,Wednesday,18.2,56.8,4,0,6.26
20:00,Wednesday,18.5,58.5,6,0,5.47
20:20,Wednesday,17.1,59.3,3,0,6.5
20:40,Wednesday,17.7,62.1,6,0,5.26
21:00,Wednesday,16.2,62.2,4,0,5.91
21:20,Wednesday,16.0,63.3,6,0,6.71
21:40,Wednesday,17.5,61.8,5,0,5.11
22:00,Wednesday,15.6,64.0,3,0,6.38
22:20,Wednesday,16.3,65.1,8,0,5.06
22:40,Wednesday,15.9,59.9,3,0,5.65
23:00,Wednesday,14.8,65.8,7,0,5.59
23:20,Wednesday,14.6,62.3,7,0,5.41
23:40,Wednesday,15.2,65.0,3,0,6.36
00:00,Thursday,13.8,65.6,5,0,6.63
00:20,Thursday,14.0,69.0,2,0,7.14
00:40,Thursday,13.9,66.8,9,0,5.72
01:00,Thursday,14.2,65.1,5,0,6.47
01:20,Thursday,14.4,61.2,3,0,6.01
01:40,Thursday,14.5,64.2,5,0,7.08
02:00,Thursday,14.5,64.2,1,0,7.2
02:20,Thursday,15.0,66.5,2,0,7.09
02:40,Thursday,14.5,64.0,5,0,6.82
03:00,Thursday,15.2,63.9,7,0,5.61
03:20,Thursday,15.7,62.5,4,0,5.56
03:40,Thursday,16.2,59.6,3,0,7.19
04:00,Thursday,17.0,60.9,5,0,5.56
04:20,Thursday,15.3,62.8,7,0,7.3
04:40,Thursday,16.5,60.1,10,0,6.21
05:00,Thursday,18.1,58.4,6,0,4.95
05:20,Thursday,17.2,59.2,0,0,5.81
05:40,Thursday,18.0,57.9,9,0,6.07
06:00,Thursday,20.2,53.1,34,0,5.37
06:20,Thursday,18.9,57.8,4,0,6.66
06:40,Thursday,18.7,55.4,170,0,6.53
07:00,Thursday,20.2,56.6,161,1,9.53
07:20,Thursday,20.6,50.7,300,1,8.33
07:40,Thursday,19.9,54.3,217,0,6.02
08:00,Thursday,20.2,49.1,574,1,9.13
08:20,Thursday,21.0,52.5,275,0,6.38
08:40,Thursday,22.0,48.9,501,1,7.41
09:00,Thursday,21.8,52.3,538,1,8.82
09:20,Thursday,22.3,47.5,532,0,6.32
09:40,Thursday,23.1,49.2,572,1,9.72
10:00,Thursday,23.7,44.1,598,0,7.07
10:20,Thursday,23.5,48.6,722,1,9.65
10:40,Thursday,23.4,48.4,921,1,9.45
11:00,Thursday,23.8,45.0,816,0,7.26
11:20,Thursday,23.8,46.4,716,1,10.87
11:40,Thursday,24.1,49.6,740,1,9.53
12:00,Thursday,24.5,46.1,861,1,11.2
12:20,Thursday,23.2,48.3,679,1,10.29
12:40,Thursday,22.8,48.1,862,1,8.9
13:00,Thursday,22.6,47.2,892,0,5.32
13:20,Thursday,24.0,44.4,961,1,9.53
13:40,Thursday,23.3,46.9,520,1,10.16
14:00,Thursday,22.7,46.2,741,1,9.82
14:20,Thursday,23.3,47.8,464,0,6.99
14:40,Thursday,22.8,48.3,687,1,8.32
15:00,Thursday,23.5,50.9,635,0,6.37
15:20,Thursday,22.3,48.4,273,1,8.97
15:40,Thursday,22.5,51.2,651,1,8.65
16:00,Thursday,20.8,52.8,477,1,8.12
16:20,Thursday,20.4,51.0,601,0,5.49
16:40,Thursday,21.3,51.5,279,0,5.72
17:00,Thursday,19.9,50.2,480,1,8.72
17:20,Thursday,20.1,56.6,0,1,9.46
17:40,Thursday,20.8,50.7,498,1,8.19
18:00,Thursday,18.7,58.4,3,1,9.21
18:20,Thursday,18.1,56.3,5,1,9.97
18:40,Thursday,18.4,58.8,3,0,6.45
19:00,Thursday,18.0,61.1,6,0,5.86
19:20,Thursday,16.3,61.8,4,1,9.47
19:40,Thursday,18.0,58.5,4,1,9.45
20:00,Thursday,15.6,59.9,4,0,5.93
20:20,Thursday,16.4,61.1,1,0,5.98
20:40,Thursday,15.7,62.1,8,0,6.77
21:00,Thursday,14.9,63.8,3,0,6.81
21:20,Thursday,14.6,62.5,5,0,7.18
21:40,Thursday,14.5,67.4,5,0,7.52
22:00,Thursday,13.6,60.8,4,0,6.56
22:20,Thursday,14.8,66.4,2,0,6.52
22:40,Thursday,14.1,64.2,6,0,5.82
23:00,Thursday,13.9,69.1,7,0,6.73
23:20,Thursday,14.6,65.1,4,0,6.08
23:40,Thursday,13.5,65.2,3,0,6.25
00:00,Friday,12.8,68.3,5,0,5.94
00:20,Friday,12.8,66.5,6,0,7.12
00:40,Friday,13.1,68.9,5,0,6.46
01:00,Friday,13.3,65.5,4,0,6.55
01:20,Friday,13.2,68.6,7,0,6.6
01:40,Friday,13.8,70.7,3,0,6.39
02:00,Friday,14.4,68.3,2,0,5.59
02:20,Friday,14.1,62.4,3,0,7.18
02:40,Friday,13.6,68.6,7,0,7.73
03:00,Friday,15.0,69.8,5,0,7.7
03:20,Friday,15.1,65.0,4,0,7.04
03:40,Friday,14.8,63.2,8,0,5.88
04:00,Friday,16.0,64.2,6,0,7.21
04:20,Friday,16.2,63.3,1,0,6.72
04:40,Friday,16.5,61.9,6,0,6.61
05:00,Friday,17.2,60.0,3,0,6.8
05:20,Friday,17.1,60.8,4,0,6.04
05:40,Friday,16.3,56.9,8,0,7.09
06:00,Friday,18.3,57.6,0,0,6.11
06:20,Friday,18.0,64.8,0,0,6.84
06:40,Friday,17.6,58.3,0,0,7.15
07:00,Friday,19.2,53.8,336,0,6.17
07:20,Friday,18.2,56.9,190,1,9.87
07:40,Friday,19.4,54.0,199,1,10.08
08:00,Friday,20.7,53.4,364,1,8.49
08:20,Friday,20.7,56.4,278,0,6.86
08:40,Friday,20.3,56.4,381,0,7.1
09:00,Friday,21.9,51.3,594,1,8.41
09:20,Friday,21.7,50.4,702,1,8.49
09:40,Friday,21.3,54.3,834,1,9.35
10:00,Friday,22.3,53.1,535,1,8.64
10:20,Friday,22.9,48.3,878,1,9.02
10:40,Friday,21.4,49.5,615,1,9.78
11:00,Friday,22.9,48.2,259,1,9.7
11:20,Friday,22.7,50.9,759,1,9.44
11:40,Friday,23.1,51.9,791,1,8.9
12:00,Friday,22.9,50.2,596,1,8.78
12:20,Friday,22.7,48.3,584,0,6.63
12:40,Friday,23.2,46.1,754,1,8.99
13:00,Friday,22.8,48.2,817,1,9.34
13:20,Friday,22.1,47.2,433,1,8.41
13:40,Friday,23.0,50.4,986,1,9.24
14:00,Friday,23.1,49.3,1060,1,8.35
14:20,Friday,22.2,48.4,726,1,8.2
14:40,Friday,22.2,55.3,789,1,8.64
15:00,Friday,21.7,55.1,517,1,8.41
15:20,Friday,21.4,53.5,389,1,9.5
15:40,Friday,21.7,50.6,644,0,6.78
16:00,Friday,20.0,55.2,416,1,8.71
16:20,Friday,20.4,53.7,249,1,8.34
16:40,Friday,20.9,54.2,290,1,7.85
17:00,Friday,18.8,53.3,119,1,9.6
17:20,Friday,19.4,59.0,166,0,6.88
17:40,Friday,18.9,55.8,252,1,9.72
18:00,Friday,18.1,60.0,4,0,6.25
18:20,Friday,18.8,60.8,4,0,5.73
18:40,Friday,17.8,59.0,6,1,9.35
19:00,Friday,17.2,63.7,3,0,6.72
19:20,Friday,17.2,64.0,5,0,6.75
19:40,Friday,16.9,62.0,3,0,6.53
20:00,Friday,16.5,66.9,5,0,5.8
20:20,Friday,15.6,67.0,4,0,6.92
20:40,Friday,15.4,69.4,4,0,7.52
21:00,Friday,14.0,67.4,7,0,7.36
21:20,Friday,14.6,67.1,9,0,6.68
21:40,Friday,14.3,70.5,5,0,6.67
22:00,Friday,14.0,68.8,5,0,5.63
22:20,Friday,13.6,70.5,7,0,7.19
22:40,Friday,14.8,69.2,7,0,6.46
23:00,Friday,13.7,72.5,6,0,6.58
23:20,Friday,14.1,75.6,4,0,6.67
23:40,Friday,14.0,66.8,8,0,6.29
00:00,Saturday,13.1,69.2,7,0,4.79
00:20,Saturday,12.9,72.5,4,0,4.89
00:40,Saturday,12.8,70.3,5,0,4.51
01:00,Saturday,13.6,70.2,5,0,4.82
01:20,Saturday,13.3,75.2,5,0,5.01
01:40,Saturday,12.9,70.2,3,0,5.65
02:00,Saturday,13.6,69.5,6,0,4.54
02:20,Saturday,12.9,71.7,6,0,4.6
02:40,Saturday,14.2,70.2,4,0,4.13
03:00,Saturday,14.6,71.3,8,0,4.65
03:20,Saturday,15.6,68.6,6,0,4.62
03:40,Saturday,13.7,71.1,0,0,4.87
04:00,Saturday,16.0,66.5,4,0,4.74
04:20,Saturday,15.9,67.8,6,0,4.98
04:40,Saturday,15.1,70.5,5,0,4.99
05:00,Saturday,17.6,64.6,2,0,4.63
05:20,Saturday,18.2,62.7,10,0,4.17
05:40,Saturday,16.9,66.6,6,0,4.75
06:00,Saturday,17.9,62.3,29,0,4.81
06:20,Saturday,18.8,65.0,23,0,3.65
06:40,Saturday,18.5,62.3,0,0,4.14
07:00,Saturday,19.8,61.6,284,0,4.75
07:20,Saturday,19.3,59.2,99,0,4.3
07:40,Saturday,19.6,61.4,132,0,4.68
08:00,Saturday,20.6,57.6,582,0,4.14
08:20,Saturday,20.5,60.1,391,0,3.42
08:40,Saturday,20.5,54.6,468,0,4.38
09:00,Saturday,22.3,52.3,471,0,4.52
09:20,Saturday,21.4,55.2,777,0,4.58
09:40,Saturday,22.6,58.0,559,0,3.95
10:00,Saturday,23.2,53.3,793,0,4.03
10:20,Saturday,23.8,54.1,737,1,6.35
10:40,Saturday,22.7,55.3,679,1,6.8
11:00,Saturday,23.9,57.0,928,0,5.56
11:20,Saturday,22.4,52.5,685,1,6.76
11:40,Saturday,23.3,53.0,940,0,5.47
12:00,Saturday,23.5,55.6,1057,1,6.92
12:20,Saturday,23.4,54.6,928,1,7.49
12:40,Saturday,23.4,54.1,1088,1,7.41
13:00,Saturday,23.5,52.8,534,0,4.5
13:20,Saturday,22.8,57.6,466,1,6.82
13:40,Saturday,24.1,57.2,1087,1,6.62
14:00,Saturday,22.8,58.1,743,0,4.31
14:20,Saturday,24.0,53.8,837,1,5.74
14:40,Saturday,22.6,53.3,677,0,4.94
15:00,Saturday,21.5,53.7,541,0,4.13
15:20,Saturday,22.4,56.0,559,0,3.75
15:40,Saturday,22.9,57.6,545,0,4.2
16:00,Saturday,21.4,58.8,276,0,4.1
16:20,Saturday,22.1,59.5,426,0,3.97
16:40,Saturday,21.8,57.4,463,0,3.68
17:00,Saturday,19.7,58.5,555,1,6.24
17:20,Saturday,20.2,65.9,226,0,3.64
17:40,Saturday,20.7,62.4,125,0,4.21
18:00,Saturday,19.1,63.4,5,0,3.59
18:20,Saturday,19.3,66.5,4,0,4.59
18:40,Saturday,19.2,62.7,5,0,2.89
19:00,Saturday,18.2,68.7,0,0,3.99
19:20,Saturday,17.5,64.4,8,0,4.51
19:40,Saturday,17.8,68.6,9,0,3.96
20:00,Saturday,17.3,68.6,9,0,3.76
20:20,Saturday,17.2,68.9,5,0,4.26
20:40,Saturday,17.1,69.1,6,0,4.12
21:00,Saturday,14.8,74.7,5,0,4.53
21:20,Saturday,14.7,71.8,3,0,4.34
21:40,Saturday,16.1,69.3,3,0,3.61
22:00,Saturday,15.0,74.3,2,0,3.6
22:20,Saturday,15.2,72.5,2,0,4.02
22:40,Saturday,15.1,74.7,5,0,3.66
23:00,Saturday,13.3,74.9,7,0,4.22
23:20,Saturday,15.8,71.3,8,0,3.65
23:40,Saturday,14.6,71.4,1,0,3.53
00:00,Sunday,14.2,76.5,6,0,4.04
00:20,Sunday,14.4,77.5,6,0,3.45
00:40,Sunday,14.4,76.3,7,0,4.12
01:00,Sunday,15.1,75.6,3,0,4.22
01:20,Sunday,14.7,75.3,4,0,3.46
01:40,Sunday,15.4,76.4,1,0,3.88
02:00,Sunday,14.9,72.0,7,0,3.93
02:20,Sunday,16.5,74.2,3,0,3.71
02:40,Sunday,15.0,69.5,5,0,4.11
03:00,Sunday,16.4,71.7,6,0,4.4
03:20,Sunday,16.5,68.8,3,0,3.98
03:40,Sunday,15.4,67.7,6,0,4.25
04:00,Sunday,17.7,72.0,7,0,3.94
04:20,Sunday,17.7,69.4,3,0,4.2
04:40,Sunday,17.4,68.9,2,0,4.23
05:00,Sunday,19.1,69.9,5,0,3.64
05:20,Sunday,17.5,64.6,5,0,4.12
05:40,Sunday,18.3,71.0,5,0,3.77
06:00,Sunday,19.7,69.3,60,0,4.77
06:20,Sunday,19.9,66.1,24,0,3.39
06:40,Sunday,19.8,65.3,0,0,3.79
07:00,Sunday,21.4,58.0,174,0,3.5
07:20,Sunday,21.2,61.1,176,0,3.56
07:40,Sunday,21.7,61.6,213,0,3.92
08:00,Sunday,22.9,59.2,436,0,4.58
08:20,Sunday,22.6,59.7,480,0,4.0
08:40,Sunday,22.9,59.0,359,0,3.88
09:00,Sunday,23.7,60.0,537,0,4.49
09:20,Sunday,24.3,57.3,496,0,4.66
09:40,Sunday,22.9,57.0,428,0,4.31
10:00,Sunday,25.1,56.3,672,0,5.18
10:20,Sunday,23.2,55.0,517,0,4.78
10:40,Sunday,23.9,58.2,401,0,4.33
11:00,Sunday,25.1,53.9,993,0,4.91
11:20,Sunday,25.1,53.3,515,0,5.86
11:40,Sunday,25.7,51.8,958,0,4.99
12:00,Sunday,26.3,56.4,617,0,5.95
12:20,Sunday,25.5,54.7,691,1,7.03
12:40,Sunday,26.4,57.5,902,0,5.57
13:00,Sunday,25.2,58.6,1104,0,5.84
13:20,Sunday,25.0,56.4,691,0,5.36
13:40,Sunday,25.1,59.6,638,0,4.56
14:00,Sunday,25.1,57.1,980,0,5.66
14:20,Sunday,24.4,58.5,826,1,7.16
14:40,Sunday,24.8,55.4,929,1,6.86
15:00,Sunday,24.2,59.2,537,0,4.77
15:20,Sunday,24.2,54.9,424,0,4.49
15:40,Sunday,23.6,57.1,266,0,4.45
16:00,Sunday,23.5,61.2,177,1,6.52
16:20,Sunday,23.2,60.7,654,1,4.89
16:40,Sunday,23.3,59.6,355,0,4.43
17:00,Sunday,22.3,64.1,99,1,5.93
17:20,Sunday,21.5,62.7,0,0,3.61
17:40,Sunday,23.2,63.8,268,0,4.12
18:00,Sunday,19.8,63.7,6,0,3.13
18:20,Sunday,20.5,60.7,5,0,3.39
18:40,Sunday,21.4,66.3,4,0,3.18
19:00,Sunday,19.2,66.6,2,0,3.14
19:20,Sunday,19.1,68.4,5,0,3.15
19:40,Sunday,19.1,67.1,9,0,3.92
20:00,Sunday,17.7,67.9,4,0,3.6
20:20,Sunday,18.3,68.6,6,0,3.18
20:40,Sunday,19.1,70.4,3,0,2.85
21:00,Sunday,16.7,68.3,7,0,3.76
21:20,Sunday,17.6,66.7,3,0,4.12
21:40,Sunday,17.3,74.1,5,0,3.95
22:00,Sunday,16.5,72.2,1,0,3.61
22:20,Sunday,16.6,69.5,3,0,3.37
22:40,Sunday,16.9,73.0,5,0,3.5
23:00,Sunday,16.3,74.1,5,0,3.49
23:20,Sunday,16.7,74.8,3,0,3.49
23:40,Sunday,17.7,75.6,7,0,3.7
00:00,Monday,16.4,76.5,7,0,5.38
00:20,Monday,16.5,72.4,1,0,6.21
00:40,Monday,15.8,73.8,5,0,5.24
01:00,Monday,16.0,75.6,5,0,5.61
01:20,Monday,16.8,76.7,7,0,4.23
01:40,Monday,16.0,75.4,1,0,5.56
02:00,Monday,17.3,71.2,5,0,4.67
02:20,Monday,17.0,71.5,5,0,5.21
02:40,Monday,17.6,74.6,6,0,5.65
03:00,Monday,18.0,72.6,8,0,5.37
03:20,Monday,17.9,69.5,9,0,5.33
03:40,Monday,18.3,68.0,3,0,5.55
04:00,Monday,18.6,68.0,5,0,6.1
04:20,Monday,19.6,69.0,5,0,3.76
04:40,Monday,18.2,67.1,7,0,5.48
05:00,Monday,19.3,65.7,7,0,5.23
05:20,Monday,20.5,67.0,5,0,4.98
05:40,Monday,20.5,66.2,1,0,3.74
06:00,Monday,21.2,62.9,0,0,5.28
06:20,Monday,21.4,64.5,0,0,4.52
06:40,Monday,22.2,67.6,71,0,4.42
07:00,Monday,23.0,63.0,99,0,5.9
07:20,Monday,22.9,59.7,295,0,4.72
07:40,Monday,21.8,65.0,219,0,4.95
08:00,Monday,24.7,60.5,299,1,9.12
08:20,Monday,23.9,57.2,397,1,9.22
08:40,Monday,24.6,58.0,571,1,9.57
09:00,Monday,24.9,54.0,566,1,10.2
09:20,Monday,26.0,56.3,706,1,11.02
09:40,Monday,24.8,55.6,674,1,9.29
10:00,Monday,25.5,52.5,897,1,10.83
10:20,Monday,25.8,55.8,551,0,7.63
10:40,Monday,27.1,58.6,436,1,11.32
11:00,Monday,27.4,49.3,547,0,8.83
11:20,Monday,27.4,51.1,995,0,8.85
11:40,Monday,26.4,52.3,598,0,8.43
12:00,Monday,26.8,51.4,763,1,11.11
12:20,Monday,26.8,51.7,1070,1,11.78
12:40,Monday,26.6,52.2,1018,1,12.21
13:00,Monday,26.5,52.5,844,0,9.02
13:20,Monday,27.7,50.3,665,0,9.18
13:40,Monday,25.7,51.9,561,1,11.45
14:00,Monday,26.3,50.6,753,1,10.24
14:20,Monday,26.6,52.4,733,1,10.73
14:40,Monday,25.9,55.1,800,1,10.45
15:00,Monday,24.2,55.5,426,1,8.84
15:20,Monday,24.8,52.5,468,1,10.04
15:40,Monday,25.3,54.0,781,1,10.13
16:00,Monday,25.3,56.8,340,0,6.93
16:20,Monday,24.9,55.2,479,0,7.1
16:40,Monday,24.1,58.3,499,1,9.48
17:00,Monday,23.6,57.6,142,1,8.71
17:20,Monday,23.1,60.1,295,0,6.14
17:40,Monday,23.1,59.4,189,1,9.23
18:00,Monday,21.9,59.0,3,0,5.41
18:20,Monday,21.8,61.2,6,0,5.09
18:40,Monday,21.9,63.7,8,0,4.08
19:00,Monday,20.5,65.2,10,1,8.16
19:20,Monday,21.3,63.9,2,0,3.44
19:40,Monday,21.1,64.8,3,1,8.16
20:00,Monday,19.1,68.2,4,0,4.97
20:20,Monday,19.0,66.0,7,0,5.2
20:40,Monday,18.0,66.4,5,0,6.15
21:00,Monday,18.4,65.0,4,0,6.14
21:20,Monday,18.9,68.6,5,0,3.92
21:40,Monday,19.4,67.7,4,0,2.88
22:00,Monday,17.5,68.0,6,0,4.52
22:20,Monday,18.2,68.1,5,0,4.18
22:40,Monday,18.4,67.0,5,0,4.51
23:00,Monday,16.2,70.4,7,0,5.93
23:20,Monday,16.5,68.2,5,0,6.34
23:40,Monday,16.7,71.7,5,0,5.08
00:00,Tuesday,17.2,68.9,8,0,5.18
00:20,Tuesday,17.0,70.4,5,0,3.89
00:40,Tuesday,17.9,69.3,5,0,4.59
01:00,Tuesday,16.3,73.6,4,0,5.35
01:20,Tuesday,17.1,71.2,5,0,5.27
01:40,Tuesday,16.8,67.2,2,0,5.28
02:00,Tuesday,18.2,69.1,9,0,4.48
02:20,Tuesday,17.4,68.0,5,0,5.72
02:40,Tuesday,17.6,63.9,5,0,5.07
03:00,Tuesday,19.8,66.4,7,0,4.63
03:20,Tuesday,18.2,64.1,6,0,5.76
03:40,Tuesday,18.9,66.9,4,0,5.03
04:00,Tuesday,19.3,63.8,10,0,5.35
04:20,Tuesday,18.9,65.9,4,0,4.62
04:40,Tuesday,19.6,64.8,5,0,4.93
05:00,Tuesday,20.5,64.6,3,0,4.25
05:20,Tuesday,20.4,61.8,6,0,4.86
05:40,Tuesday,21.1,61.9,7,0,4.66
06:00,Tuesday,21.6,62.1,37,0,4.37
06:20,Tuesday,21.7,59.4,0,0,4.68
06:40,Tuesday,21.8,59.2,281,0,4.18
07:00,Tuesday,23.4,59.0,151,1,8.56
07:20,Tuesday,24.1,55.4,168,1,9.25
07:40,Tuesday,23.5,60.4,139,1,8.4
08:00,Tuesday,24.6,58.0,446,1,9.23
08:20,Tuesday,24.4,54.3,351,0,6.74
08:40,Tuesday,24.1,54.0,227,1,8.53
09:00,Tuesday,25.9,53.2,657,1,10.84
09:20,Tuesday,25.3,49.6,605,1,8.93
09:40,Tuesday,24.7,49.8,816,1,9.81
10:00,Tuesday,26.0,48.0,768,1,10.69
10:20,Tuesday,26.0,46.2,741,1,10.62
10:40,Tuesday,26.4,48.9,677,1,10.28
11:00,Tuesday,26.4,50.1,816,0,8.52
11:20,Tuesday,26.2,45.6,660,1,10.99
11:40,Tuesday,27.2,52.0,634,0,8.81
12:00,Tuesday,26.3,51.4,1075,1,11.3
12:20,Tuesday,26.7,48.3,409,1,11.89
12:40,Tuesday,27.3,49.0,753,1,11.41
13:00,Tuesday,27.3,50.5,782,1,11.81
13:20,Tuesday,26.7,48.3,651,1,10.98
13:40,Tuesday,26.1,48.0,737,0,7.98
14:00,Tuesday,26.6,50.1,924,1,10.21
14:20,Tuesday,26.0,50.1,260,1,10.48
14:40,Tuesday,25.3,47.8,791,1,9.86
15:00,Tuesday,25.7,51.3,633,0,8.52
15:20,Tuesday,24.9,52.1,474,1,10.01
15:40,Tuesday,24.9,46.3,405,1,9.99
16:00,Tuesday,23.6,53.5,461,0,6.3
16:20,Tuesday,24.6,53.5,502,1,9.79
16:40,Tuesday,24.2,52.6,89,0,6.16
17:00,Tuesday,22.5,57.1,429,1,7.61
17:20,Tuesday,23.2,51.6,304,0,5.3
17:40,Tuesday,23.1,54.4,373,0,5.57
18:00,Tuesday,22.3,56.2,3,0,4.07
18:20,Tuesday,21.3,61.3,5,0,4.53
18:40,Tuesday,22.3,55.7,3,1,7.78
19:00,Tuesday,20.9,59.4,3,0,4.75
19:20,Tuesday,20.8,58.4,9,0,5.44
19:40,Tuesday,21.2,62.9,4,1,8.09
20:00,Tuesday,18.8,60.3,7,0,4.4
20:20,Tuesday,18.9,59.9,9,0,5.69
20:40,Tuesday,19.4,65.4,5,0,5.71
21:00,Tuesday,18.2,63.3,4,0,4.85
21:20,Tuesday,18.6,67.9,6,0,4.18
21:40,Tuesday,17.4,65.1,4,0,5.52
22:00,Tuesday,17.4,67.1,4,0,4.88
22:20,Tuesday,17.3,68.4,6,0,5.04
22:40,Tuesday,17.6,64.4,3,0,5.05
23:00,Tuesday,16.6,68.7,6,0,5.92
23:20,Tuesday,16.9,68.9,0,0,5.16
23:40,Tuesday,17.1,67.7,0,0,5.09
00:00,Wednesday,16.1,65.2,11,0,5.96
00:20,Wednesday,15.6,69.6,5,0,4.4
00:40,Wednesday,16.1,65.7,4,0,5.23
01:00,Wednesday,16.8,64.4,4,0,5.28
01:20,Wednesday,15.8,67.3,3,0,5.56
01:40,Wednesday,17.0,67.2,7,0,4.62
02:00,Wednesday,16.4,63.6,1,0,6.45
02:20,Wednesday,17.3,63.6,5,0,4.81
02:40,Wednesday,17.1,62.3,6,0,4.42
03:00,Wednesday,18.3,65.3,5,0,5.38
03:20,Wednesday,18.3,61.0,5,0,4.89
03:40,Wednesday,17.1,59.7,4,0,5.3
04:00,Wednesday,19.0,60.3,5,0,5.03
04:20,Wednesday,18.5,58.5,5,0,5.63
04:40,Wednesday,18.6,60.0,7,0,5.62
05:00,Wednesday,19.5,59.5,4,0,5.57
05:20,Wednesday,19.8,59.6,4,0,5.02
05:40,Wednesday,19.8,55.9,6,0,5.37
06:00,Wednesday,21.2,55.6,91,0,4.31
06:20,Wednesday,20.1,54.7,0,0,5.9
06:40,Wednesday,22.1,51.8,45,0,4.99
07:00,Wednesday,22.3,51.8,108,0,4.43
07:20,Wednesday,22.6,55.5,195,0,5.58
07:40,Wednesday,22.7,52.7,74,0,5.94
08:00,Wednesday,22.7,50.2,418,0,6.37
08:20,Wednesday,24.2,47.8,301,0,6.2
08:40,Wednesday,23.0,48.2,526,0,5.82
09:00,Wednesday,24.5,47.5,735,1,10.94
09:20,Wednesday,23.5,47.7,778,1,9.41
09:40,Wednesday,24.5,45.9,619,0,6.53
10:00,Wednesday,25.4,47.3,676,1,11.17
10:20,Wednesday,23.5,45.4,850,0,7.98
10:40,Wednesday,26.2,47.5,398,1,11.02
11:00,Wednesday,25.4,44.8,594,1,10.64
11:20,Wednesday,25.3,48.1,1045,1,11.39
11:40,Wednesday,24.8,45.9,695,1,9.92
12:00,Wednesday,25.6,44.8,1019,0,8.27
12:20,Wednesday,24.6,45.0,915,1,9.93
12:40,Wednesday,25.9,46.3,563,1,11.32
13:00,Wednesday,25.4,45.7,737,1,10.83
13:20,Wednesday,25.4,46.4,660,0,8.0
13:40,Wednesday,24.5,43.9,834,1,10.36
14:00,Wednesday,25.4,48.7,346,1,10.54
14:20,Wednesday,24.1,44.3,397,0,7.08
14:40,Wednesday,23.5,45.0,614,1,9.99
15:00,Wednesday,24.4,41.8,537,1,10.35
15:20,Wednesday,22.5,46.7,308,1,8.82
15:40,Wednesday,23.6,48.1,514,1,9.41
16:00,Wednesday,23.0,46.5,398,1,9.07
16:20,Wednesday,23.2,50.5,403,1,8.0
16:40,Wednesday,22.6,49.7,402,0,6.28
17:00,Wednesday,20.9,51.5,116,0,6.16
17:20,Wednesday,21.4,53.4,274,1,8.03
17:40,Wednesday,21.1,51.7,223,0,5.0
18:00,Wednesday,20.1,57.0,3,1,8.51
18:20,Wednesday,19.8,54.6,6,1,8.76
18:40,Wednesday,19.6,56.0,6,0,5.57
19:00,Wednesday,18.7,53.2,6,0,5.7
19:20,Wednesday,18.7,53.3,3,0,5.64
19:40,Wednesday,19.1,54.0,5,1,9.13
20:00,Wednesday,17.7,62.9,3,0,5.64
20:20,Wednesday,16.4,62.2,8,0,6.08
20:40,Wednesday,17.6,61.7,7,0,5.27
21:00,Wednesday,16.2,63.0,5,0,6.28
21:20,Wednesday,16.7,59.8,4,0,6.09
21:40,Wednesday,15.7,65.8,6,0,6.13
22:00,Wednesday,14.7,61.9,4,0,6.43
22:20,Wednesday,15.4,62.0,9,0,7.29
22:40,Wednesday,15.1,65.3,7,0,5.41
23:00,Wednesday,14.9,64.0,5,0,5.46
23:20,Wednesday,14.8,65.3,9,0,5.51
23:40,Wednesday,15.0,62.9,3,0,6.51
00:00,Thursday,15.3,63.7,3,0,6.74
00:20,Thursday,13.8,64.6,4,0,7.08
00:40,Thursday,14.7,63.9,5,0,6.01
01:00,Thursday,14.6,64.5,4,0,5.98
01:20,Thursday,14.8,67.5,6,0,5.8
01:40,Thursday,13.8,64.3,8,0,6.72
02:00,Thursday,15.9,64.7,2,0,5.72
02:20,Thursday,15.9,64.4,6,0,5.75
02:40,Thursday,15.0,68.9,6,0,6.23
03:00,Thursday,16.3,61.9,6,0,6.93
03:20,Thursday,15.5,66.8,5,0,5.88
03:40,Thursday,16.9,62.7,2,0,6.29
04:00,Thursday,16.8,58.9,6,0,5.46
04:20,Thursday,16.3,58.5,5,0,6.01
04:40,Thursday,17.0,63.1,6,0,6.03
05:00,Thursday,19.0,61.6,6,0,5.3
05:20,Thursday,18.4,56.6,7,0,5.64
05:40,Thursday,18.1,58.7,3,0,5.63
06:00,Thursday,19.7,54.5,35,0,5.06
06:20,Thursday,18.9,55.3,0,0,6.07
06:40,Thursday,18.7,54.4,0,0,6.44
07:00,Thursday,20.9,53.7,275,0,5.76
07:20,Thursday,21.0,52.7,155,0,6.4
07:40,Thursday,21.0,54.7,312,0,6.8
08:00,Thursday,21.0,49.7,298,1,8.84
08:20,Thursday,20.4,50.6,486,1,8.13
08:40,Thursday,20.8,53.4,452,1,9.18
09:00,Thursday,21.9,49.1,489,1,8.72
09:20,Thursday,23.4,47.1,572,1,9.51
09:40,Thursday,21.9,49.9,441,0,6.2
10:00,Thursday,23.3,49.4,673,0,5.97
10:20,Thursday,23.3,46.6,728,0,7.04
10:40,Thursday,22.7,48.8,579,1,8.3
11:00,Thursday,23.4,46.6,474,1,10.59
11:20,Thursday,23.6,43.6,981,1,9.5
11:40,Thursday,25.0,45.1,675,1,10.64
12:00,Thursday,25.0,44.9,745,0,8.87
12:20,Thursday,24.2,46.9,801,1,10.33
12:40,Thursday,23.5,48.1,650,1,10.65
13:00,Thursday,24.1,45.8,408,1,10.9
13:20,Thursday,23.9,47.0,808,0,7.45
13:40,Thursday,23.5,44.2,951,1,9.84
14:00,Thursday,24.2,49.5,1118,1,9.52
14:20,Thursday,22.5,45.0,604,1,9.34
14:40,Thursday,22.6,46.6,561,1,10.25
15:00,Thursday,22.1,48.9,519,0,5.74
15:20,Thursday,23.0,47.4,502,1,9.03
15:40,Thursday,22.5,46.0,358,1,8.99
16:00,Thursday,21.1,52.4,274,1,8.53
16:20,Thursday,21.1,52.2,485,0,5.86
16:40,Thursday,20.2,55.3,467,1,10.26
17:00,Thursday,20.5,54.1,436,1,8.12
17:20,Thursday,20.2,52.2,46,1,9.25
17:40,Thursday,19.9,53.8,77,1,9.15
18:00,Thursday,18.0,59.6,7,1,9.69
18:20,Thursday,18.5,57.7,3,0,6.29
18:40,Thursday,19.2,55.7,5,1,8.97
19:00,Thursday,17.1,60.3,6,1,10.64
19:20,Thursday,17.1,60.8,2,0,5.77
19:40,Thursday,17.5,61.2,3,1,10.0
20:00,Thursday,16.2,64.3,6,0,6.4
20:20,Thursday,16.7,64.0,3,0,6.4
20:40,Thursday,15.6,63.2,4,0,7.2
21:00,Thursday,16.0,66.0,5,0,5.7
21:20,Thursday,14.2,61.8,6,0,7.58
21:40,Thursday,13.4,61.0,7,0,8.35
22:00,Thursday,14.2,67.2,6,0,6.96
22:20,Thursday,14.4,68.1,6,0,6.45
22:40,Thursday,14.9,66.0,4,0,6.72
23:00,Thursday,14.0,65.7,1,0,7.03
23:20,Thursday,13.6,68.8,3,0,8.02
23:40,Thursday,14.1,65.5,4,0,7.38
00:00,Friday,13.5,65.0,2,0,7.39
00:20,Friday,13.0,67.7,3,0,7.29
00:40,Friday,13.8,67.5,3,0,7.23
01:00,Friday,14.5,65.8,4,0,6.74
01:20,Friday,14.0,68.5,5,0,7.21
01:40,Friday,13.4,65.1,3,0,7.38
02:00,Friday,13.9,66.5,5,0,8.25
02:20,Friday,14.0,66.1,0,0,6.29
02:40,Friday,14.0,67.4,6,0,7.42
03:00,Friday,15.3,63.4,6,0,7.6
03:20,Friday,14.0,65.6,4,0,6.88
03:40,Friday,13.9,64.4,2,0,6.2
04:00,Friday,15.7,61.8,7,0,7.99
04:20,Friday,15.3,60.7,6,0,6.24
04:40,Friday,14.9,64.7,4,0,7.12
05:00,Friday,16.4,61.4,6,0,7.93
05:20,Friday,16.6,56.1,6,0,7.81
05:40,Friday,15.5,61.6,9,0,7.21
06:00,Friday,18.9,56.3,0,0,6.78
06:20,Friday,18.1,59.5,0,0,6.63
06:40,Friday,17.3,59.2,0,0,6.38
07:00,Friday,19.7,54.7,0,1,10.34
07:20,Friday,18.9,56.7,54,1,9.39
07:40,Friday,19.8,56.7,106,0,6.37
08:00,Friday,20.4,54.3,331,1,9.86
08:20,Friday,20.2,56.7,312,0,6.94
08:40,Friday,20.0,55.5,413,0,5.21
09:00,Friday,21.1,52.9,485,1,9.33
09:20,Friday,21.5,51.5,269,1,9.09
09:40,Friday,21.8,54.2,843,1,8.45
10:00,Friday,21.7,49.9,948,1,8.78
10:20,Friday,22.2,51.6,577,1,10.52
10:40,Friday,22.7,51.9,523,1,10.24
11:00,Friday,23.8,52.6,781,1,10.47
11:20,Friday,22.8,48.3,657,1,10.65
11:40,Friday,22.5,51.7,516,1,10.79
12:00,Friday,23.4,51.0,380,1,11.11
12:20,Friday,22.7,52.7,788,1,10.09
12:40,Friday,23.5,46.7,990,1,10.68
13:00,Friday,23.8,53.0,317,1,10.36
13:20,Friday,22.7,50.8,480,1,10.2
13:40,Friday,22.5,52.4,962,1,9.47
14:00,Friday,22.8,51.0,863,1,9.73
14:20,Friday,21.7,50.4,946,1,9.92
14:40,Friday,21.4,49.6,653,0,6.8
15:00,Friday,21.5,53.4,290,1,9.58
15:20,Friday,21.0,53.9,371,1,9.52
15:40,Friday,21.7,55.3,771,1,9.68
16:00,Friday,20.9,58.7,384,1,8.61
16:20,Friday,20.8,53.9,428,1,9.13
16:40,Friday,21.7,55.1,349,1,9.5
17:00,Friday,19.1,58.9,151,1,9.62
17:20,Friday,19.0,59.0,327,1,9.29
17:40,Friday,19.0,60.0,0,1,11.02
18:00,Friday,18.3,66.7,6,0,7.79
18:20,Friday,18.1,62.9,5,1,10.32
18:40,Friday,18.8,64.3,6,0,5.95
19:00,Friday,16.5,66.3,4,0,6.28
19:20,Friday,17.1,60.4,5,1,9.63
19:40,Friday,17.6,63.1,5,1,10.01
20:00,Friday,15.2,66.3,4,0,7.6
20:20,Friday,15.8,70.6,1,0,6.33
20:40,Friday,16.1,68.0,4,0,6.87
21:00,Friday,14.8,72.0,7,0,6.87
21:20,Friday,15.3,69.5,7,0,6.52
21:40,Friday,14.3,69.5,7,0,7.7
22:00,Friday,14.0,71.7,4,0,6.6
22:20,Friday,13.3,70.8,9,0,6.81
22:40,Friday,12.7,70.7,3,0,8.16
23:00,Friday,13.9,69.6,7,0,7.0
23:20,Friday,13.5,73.4,7,0,7.22
23:40,Friday,13.4,69.6,8,0,7.54
00:00,Saturday,13.4,72.5,2,0,4.54
00:20,Saturday,13.6,76.2,6,0,4.28
00:40,Saturday,14.2,74.0,4,0,3.58
01:00,Saturday,12.9,70.4,2,0,4.83
01:20,Saturday,13.5,69.4,8,0,5.25
01:40,Saturday,13.8,71.9,2,0,4.31
02:00,Saturday,13.9,71.7,6,0,4.64
02:20,Saturday,13.7,72.7,5,0,5.87
02:40,Saturday,14.1,75.1,5,0,4.57
03:00,Saturday,13.9,68.4,7,0,5.26
03:20,Saturday,14.5,72.3,7,0,4.42
03:40,Saturday,14.3,69.7,4,0,5.83
04:00,Saturday,16.3,69.9,2,0,3.96
04:20,Saturday,16.4,70.7,4,0,5.76
04:40,Saturday,16.5,69.9,4,0,5.27
05:00,Saturday,17.9,64.8,1,0,4.05
05:20,Saturday,17.0,65.8,6,0,4.62
05:40,Saturday,17.6,66.4,7,0,3.49
06:00,Saturday,18.4,62.7,0,0,5.03
06:20,Saturday,18.8,61.9,68,0,4.54
06:40,Saturday,18.3,64.0,67,0,4.28
07:00,Saturday,18.7,59.4,87,0,4.54
07:20,Saturday,20.2,63.3,81,0,4.12
07:40,Saturday,20.3,60.7,235,0,5.1
08:00,Saturday,21.0,55.8,256,0,4.75
08:20,Saturday,20.8,59.6,533,0,4.39
08:40,Saturday,21.3,62.2,562,0,4.53
09:00,Saturday,22.6,57.2,513,0,4.81
09:20,Saturday,21.4,58.0,300,0,4.54
09:40,Saturday,22.6,54.7,556,0,4.56
10:00,Saturday,22.8,53.8,840,0,4.95
10:20,Saturday,23.3,54.3,1053,1,7.25
10:40,Saturday,22.9,54.7,395,0,4.74
11:00,Saturday,24.0,54.5,522,1,7.41
11:20,Saturday,23.4,53.4,929,1,7.58
11:40,Saturday,23.2,54.2,596,0,4.93
12:00,Saturday,24.9,48.4,861,1,7.79
12:20,Saturday,23.2,56.8,1213,1,7.35
12:40,Saturday,24.2,54.4,252,1,7.72
13:00,Saturday,23.8,58.3,368,0,5.36
13:20,Saturday,24.1,54.5,681,1,7.85
13:40,Saturday,23.6,56.3,803,0,5.86
14:00,Saturday,23.7,56.8,412,0,4.64
14:20,Saturday,22.5,54.1,619,1,7.08
14:40,Saturday,23.1,56.3,360,0,5.33
15:00,Saturday,21.7,57.7,579,0,4.87
15:20,Saturday,22.0,59.4,392,0,4.27
15:40,Saturday,22.6,61.1,649,0,5.19
16:00,Saturday,21.1,55.9,293,1,6.44
16:20,Saturday,22.0,60.0,143,0,4.5
16:40,Saturday,21.4,58.4,455,1,6.49
17:00,Saturday,19.3,61.5,0,1,7.3
17:20,Saturday,20.5,63.1,97,0,4.46
17:40,Saturday,20.8,62.7,339,1,6.61
18:00,Saturday,18.9,62.8,5,0,5.04
18:20,Saturday,19.5,65.1,4,0,3.86
18:40,Saturday,19.2,65.1,9,0,5.02
19:00,Saturday,17.6,66.4,4,0,5.25
19:20,Saturday,18.0,67.8,8,0,4.56
19:40,Saturday,17.5,68.4,5,0,3.94
20:00,Saturday,18.0,66.1,9,0,4.34
20:20,Saturday,16.9,68.7,6,0,4.06
20:40,Saturday,16.3,70.7,5,0,4.8
21:00,Saturday,15.7,72.6,8,0,4.82
21:20,Saturday,16.4,73.9,3,0,4.62
21:40,Saturday,15.6,75.2,6,0,4.94
22:00,Saturday,14.9,70.7,6,0,5.36
22:20,Saturday,15.2,72.3,0,0,5.15
22:40,Saturday,14.4,71.1,6,0,5.19
23:00,Saturday,14.2,73.7,7,0,5.58
23:20,Saturday,14.2,73.8,6,0,4.36
23:40,Saturday,13.9,69.4,6,0,5.38
00:00,Sunday,13.6,77.2,5,0,4.87
00:20,Sunday,14.5,73.8,2,0,4.14
00:40,Sunday,14.5,76.7,8,0,3.76
01:00,Sunday,14.6,75.7,6,0,5.1
01:20,Sunday,15.5,74.0,8,0,4.63
